2024-04-01 09:15:00,3780.85,3809.95,3780.85,3807.8,88098
2024-04-01 09:20:00,3807.2,3809.4,3795.0,3805.95,49908
2024-04-01 09:25:00,3805.95,3815.4,3803.95,3809.5,54127
2024-04-01 09:30:00,3810.0,3824.0,3810.0,3821.8,47422
2024-04-01 09:35:00,3822.25,3824.0,3817.0,3817.05,33513
2024-04-01 09:40:00,3817.05,3823.9,3812.6,3823.35,55558
2024-04-01 09:45:00,3822.5,3829.8,3822.5,3827.35,40919
2024-04-01 09:50:00,3827.3,3837.45,3819.2,3837.0,49856
2024-04-01 09:55:00,3837.0,3842.0,3829.55,3840.95,50973
2024-04-01 10:00:00,3840.0,3842.0,3837.2,3839.0,30532
2024-04-01 10:05:00,3839.8,3842.0,3837.55,3841.1,20357
2024-04-01 10:10:00,3841.6,3849.0,3839.2,3841.15,41834
2024-04-01 10:15:00,3841.15,3843.0,3837.5,3839.0,23614
2024-04-01 10:20:00,3838.85,3841.0,3828.45,3837.5,30483
2024-04-01 10:25:00,3837.55,3839.4,3833.3,3834.5,16276
2024-04-01 10:30:00,3834.5,3836.1,3830.8,3834.65,14963
2024-04-01 10:35:00,3834.55,3840.0,3833.25,3835.0,15936
2024-04-01 10:40:00,3835.0,3841.0,3833.25,3838.55,13402
2024-04-01 10:45:00,3838.6,3841.55,3834.4,3836.1,14086
2024-04-01 10:50:00,3836.05,3841.8,3835.75,3838.65,12488
2024-04-01 10:55:00,3839.05,3839.1,3833.05,3835.25,15801
2024-04-01 11:00:00,3835.15,3838.5,3833.1,3834.0,9776
2024-04-01 11:05:00,3833.55,3836.35,3830.1,3834.1,15375
2024-04-01 11:10:00,3834.05,3842.0,3832.5,3842.0,12656
2024-04-01 11:15:00,3841.75,3847.05,3840.45,3842.95,21828
2024-04-01 11:20:00,3842.9,3846.0,3840.55,3846.0,15959
2024-04-01 11:25:00,3845.15,3849.0,3841.1,3849.0,28787
2024-04-01 11:30:00,3848.7,3851.85,3844.2,3845.95,32693
2024-04-01 11:35:00,3845.85,3848.6,3844.0,3847.15,9796
2024-04-01 11:40:00,3847.15,3848.0,3840.0,3844.4,18145
2024-04-01 11:45:00,3844.95,3845.0,3833.1,3835.85,14536
2024-04-01 11:50:00,3835.95,3837.75,3834.1,3835.35,11793
2024-04-01 11:55:00,3835.35,3840.0,3835.0,3839.5,11968
2024-04-01 12:00:00,3839.5,3840.85,3833.0,3834.35,53025
2024-04-01 12:05:00,3834.0,3836.65,3830.2,3832.0,18605
2024-04-01 12:10:00,3832.0,3832.95,3830.2,3830.5,34660
2024-04-01 12:15:00,3830.5,3832.0,3830.5,3831.1,18991
2024-04-01 12:20:00,3831.3,3837.0,3830.5,3837.0,14128
2024-04-01 12:25:00,3837.1,3839.5,3834.05,3836.05,11221
2024-04-01 12:30:00,3836.0,3838.15,3834.5,3837.6,11101
2024-04-01 12:35:00,3837.6,3838.95,3837.0,3838.1,8282
2024-04-01 12:40:00,3838.1,3840.6,3837.65,3840.05,10807
2024-04-01 12:45:00,3840.15,3841.0,3839.0,3839.4,15980
2024-04-01 12:50:00,3839.4,3840.85,3838.0,3840.0,17899
2024-04-01 12:55:00,3840.05,3840.45,3839.0,3839.25,13005
2024-04-01 13:00:00,3839.3,3840.75,3834.75,3834.75,9474
2024-04-01 13:05:00,3834.45,3834.55,3821.2,3830.1,35068
2024-04-01 13:10:00,3830.15,3832.0,3828.85,3831.7,20868
2024-04-01 13:15:00,3831.6,3832.1,3828.9,3830.1,16239
2024-04-01 13:20:00,3830.05,3832.0,3830.0,3830.8,8269
2024-04-01 13:25:00,3832.6,3836.9,3831.4,3832.2,15224
2024-04-01 13:30:00,3832.2,3834.55,3831.3,3834.55,6054
2024-04-01 13:35:00,3834.55,3835.95,3833.1,3833.7,14036
2024-04-01 13:40:00,3833.7,3834.55,3825.0,3829.2,28120
2024-04-01 13:45:00,3829.25,3835.55,3829.25,3835.15,19583
2024-04-01 13:50:00,3835.15,3836.0,3831.2,3834.9,8809
2024-04-01 13:55:00,3834.9,3840.6,3834.85,3840.0,16675
2024-04-01 14:00:00,3839.95,3842.6,3839.05,3840.35,17765
2024-04-01 14:05:00,3840.3,3840.35,3833.95,3834.75,12406
2024-04-01 14:10:00,3834.65,3842.5,3834.1,3834.95,23047
2024-04-01 14:15:00,3835.0,3836.95,3833.0,3834.8,13101
2024-04-01 14:20:00,3834.85,3841.0,3834.75,3835.55,23654
2024-04-01 14:25:00,3835.5,3838.0,3831.1,3832.3,13209
2024-04-01 14:30:00,3832.35,3834.75,3829.85,3831.9,33640
2024-04-01 14:35:00,3831.9,3835.75,3831.15,3833.65,21346
2024-04-01 14:40:00,3833.95,3837.0,3831.0,3832.5,26234
2024-04-01 14:45:00,3833.25,3834.8,3830.85,3832.95,21900
2024-04-01 14:50:00,3832.95,3833.9,3830.3,3833.3,20887
2024-04-01 14:55:00,3833.0,3833.8,3828.2,3828.5,28461
2024-04-01 15:00:00,3828.75,3835.1,3828.75,3834.05,31931
2024-04-01 15:05:00,3834.05,3836.65,3832.85,3836.65,27017
2024-04-01 15:10:00,3836.65,3840.85,3836.25,3840.0,61691
2024-04-01 15:15:00,3840.0,3841.8,3837.6,3840.5,51588
2024-04-01 15:20:00,3841.0,3841.0,3836.0,3839.0,46846
2024-04-01 15:25:00,3839.0,3840.8,3833.5,3840.2,80507
2024-04-02 09:15:00,3849.8,3849.8,3823.2,3838.4,77563
2024-04-02 09:20:00,3838.4,3840.0,3813.65,3819.1,34119
2024-04-02 09:25:00,3819.1,3829.4,3817.0,3826.2,18687
2024-04-02 09:30:00,3826.6,3852.6,3823.0,3847.4,47714
2024-04-02 09:35:00,3847.15,3860.0,3843.0,3853.25,46516
2024-04-02 09:40:00,3852.0,3859.0,3849.5,3854.0,28936
2024-04-02 09:45:00,3854.7,3854.95,3843.75,3848.05,20186
2024-04-02 09:50:00,3848.05,3848.05,3840.1,3844.65,15730
2024-04-02 09:55:00,3843.15,3844.7,3838.0,3838.3,14617
2024-04-02 10:00:00,3838.3,3852.85,3838.3,3850.4,30351
2024-04-02 10:05:00,3852.0,3852.0,3839.45,3841.0,12355
2024-04-02 10:10:00,3840.0,3849.35,3838.05,3840.35,32422
2024-04-02 10:15:00,3840.35,3842.95,3838.0,3838.0,9744
2024-04-02 10:20:00,3838.0,3843.35,3838.0,3840.85,9969
2024-04-02 10:25:00,3840.85,3842.0,3832.2,3835.0,12906
2024-04-02 10:30:00,3835.0,3842.0,3832.25,3839.85,10482
2024-04-02 10:35:00,3839.15,3841.95,3832.75,3836.5,7781
2024-04-02 10:40:00,3836.25,3838.0,3825.1,3826.1,21599
2024-04-02 10:45:00,3826.15,3831.95,3819.0,3820.3,38978
2024-04-02 10:50:00,3821.45,3826.95,3814.0,3820.1,42632
2024-04-02 10:55:00,3820.05,3821.35,3808.15,3809.05,29627
2024-04-02 11:00:00,3808.95,3809.3,3799.3,3806.0,103633
2024-04-02 11:05:00,3806.05,3814.0,3805.1,3812.35,21428
2024-04-02 11:10:00,3812.35,3814.0,3805.0,3811.0,9915
2024-04-02 11:15:00,3811.4,3812.15,3800.55,3804.0,15332
2024-04-02 11:20:00,3804.25,3804.5,3792.25,3792.25,26325
2024-04-02 11:25:00,3793.5,3798.0,3790.8,3795.95,20239
2024-04-02 11:30:00,3794.4,3797.3,3792.3,3794.0,14214
2024-04-02 11:35:00,3793.6,3794.0,3787.0,3788.9,59367
2024-04-02 11:40:00,3788.9,3789.8,3782.3,3783.75,58213
2024-04-02 11:45:00,3783.7,3784.5,3778.7,3784.0,108786
2024-04-02 11:50:00,3784.1,3784.1,3780.85,3783.85,19614
2024-04-02 11:55:00,3783.85,3791.35,3782.0,3784.05,102826
2024-04-02 12:00:00,3784.0,3784.1,3780.2,3784.05,58905
2024-04-02 12:05:00,3784.0,3784.1,3780.65,3781.8,16085
2024-04-02 12:10:00,3781.95,3784.0,3781.2,3783.7,6766
2024-04-02 12:15:00,3783.7,3784.05,3780.05,3783.45,97031
2024-04-02 12:20:00,3783.1,3784.4,3782.05,3783.7,350908
2024-04-02 12:25:00,3783.15,3786.65,3783.0,3784.0,124365
2024-04-02 12:30:00,3784.0,3784.15,3780.0,3780.15,33355
2024-04-02 12:35:00,3780.15,3783.8,3771.25,3782.0,31059
2024-04-02 12:40:00,3781.95,3783.8,3780.5,3782.6,9247
2024-04-02 12:45:00,3782.1,3784.4,3780.35,3780.95,71227
2024-04-02 12:50:00,3780.95,3783.9,3780.55,3783.6,17929
2024-04-02 12:55:00,3783.6,3785.0,3782.0,3783.65,28667
2024-04-02 13:00:00,3783.15,3783.95,3781.65,3783.7,27567
2024-04-02 13:05:00,3783.7,3783.95,3781.7,3783.9,27170
2024-04-02 13:10:00,3783.85,3783.95,3782.25,3783.95,24894
2024-04-02 13:15:00,3783.95,3783.95,3781.15,3783.2,25471
2024-04-02 13:20:00,3783.2,3783.9,3782.25,3783.55,24013
2024-04-02 13:25:00,3783.15,3784.0,3782.35,3783.7,29945
2024-04-02 13:30:00,3783.65,3783.95,3781.75,3783.45,25314
2024-04-02 13:35:00,3782.95,3783.55,3776.0,3783.25,33217
2024-04-02 13:40:00,3783.25,3783.65,3780.15,3782.2,23886
2024-04-02 13:45:00,3782.2,3783.75,3780.5,3781.6,29631
2024-04-02 13:50:00,3781.1,3783.6,3780.5,3783.4,31084
2024-04-02 13:55:00,3783.4,3783.45,3781.0,3781.35,26731
2024-04-02 14:00:00,3781.35,3792.0,3781.35,3788.0,27703
2024-04-02 14:05:00,3788.0,3789.2,3779.1,3779.9,98145
2024-04-02 14:10:00,3779.9,3786.15,3778.9,3780.8,30266
2024-04-02 14:15:00,3780.35,3782.0,3779.0,3779.85,36892
2024-04-02 14:20:00,3780.0,3781.8,3779.05,3779.5,28216
2024-04-02 14:25:00,3779.0,3781.0,3776.35,3779.95,27908
2024-04-02 14:30:00,3779.95,3780.0,3773.4,3775.0,43343
2024-04-02 14:35:00,3775.0,3783.95,3774.25,3776.1,450660
2024-04-02 14:40:00,3777.55,3795.3,3777.55,3794.3,39822
2024-04-02 14:45:00,3795.0,3803.85,3794.0,3803.55,54460
2024-04-02 14:50:00,3803.55,3812.0,3803.05,3810.8,46971
2024-04-02 14:55:00,3811.0,3813.3,3802.75,3804.05,51327
2024-04-02 15:00:00,3803.55,3804.35,3796.3,3798.85,74925
2024-04-02 15:05:00,3798.75,3808.4,3794.1,3807.45,65480
2024-04-02 15:10:00,3807.45,3812.0,3806.7,3810.6,56267
2024-04-02 15:15:00,3811.0,3812.75,3808.0,3811.4,53522
2024-04-02 15:20:00,3811.4,3812.0,3809.1,3811.0,66971
2024-04-02 15:25:00,3811.0,3815.0,3810.0,3814.0,57772
2024-04-03 09:15:00,3799.7,3799.7,3779.5,3785.05,62874
2024-04-03 09:20:00,3785.1,3793.8,3773.1,3773.1,44333
2024-04-03 09:25:00,3773.1,3776.5,3770.45,3770.6,26820
2024-04-03 09:30:00,3771.9,3778.0,3770.15,3773.7,32808
2024-04-03 09:35:00,3774.15,3780.65,3774.15,3780.65,24506
2024-04-03 09:40:00,3780.65,3780.75,3775.0,3775.0,30519
2024-04-03 09:45:00,3775.9,3780.65,3775.05,3775.25,14595
2024-04-03 09:50:00,3775.35,3775.9,3772.4,3774.65,14247
2024-04-03 09:55:00,3775.05,3780.1,3774.0,3779.6,22671
2024-04-03 10:00:00,3779.85,3789.45,3774.15,3783.2,57409
2024-04-03 10:05:00,3784.05,3787.7,3777.65,3783.0,34783
2024-04-03 10:10:00,3783.0,3787.45,3780.35,3782.5,36841
2024-04-03 10:15:00,3782.5,3790.3,3775.9,3779.0,38108
2024-04-03 10:20:00,3779.0,3786.0,3777.4,3784.25,26449
2024-04-03 10:25:00,3784.9,3785.2,3779.3,3783.2,22249
2024-04-03 10:30:00,3784.65,3786.8,3780.0,3785.0,23683
2024-04-03 10:35:00,3785.0,3785.65,3777.2,3780.0,23912
2024-04-03 10:40:00,3780.0,3785.4,3777.0,3781.6,32651
2024-04-03 10:45:00,3781.6,3781.6,3775.0,3776.7,24484
2024-04-03 10:50:00,3776.7,3779.85,3775.0,3776.4,16822
2024-04-03 10:55:00,3776.2,3780.1,3775.4,3777.7,16425
2024-04-03 11:00:00,3777.95,3781.15,3775.8,3777.45,23413
2024-04-03 11:05:00,3778.0,3781.3,3776.95,3777.55,55075
2024-04-03 11:10:00,3777.75,3781.55,3776.15,3778.6,12810
2024-04-03 11:15:00,3779.9,3782.4,3777.5,3782.15,9441
2024-04-03 11:20:00,3782.4,3785.0,3780.0,3782.95,12698
2024-04-03 11:25:00,3784.3,3785.0,3781.75,3783.1,13401
2024-04-03 11:30:00,3784.2,3785.2,3782.25,3783.4,8730
2024-04-03 11:35:00,3783.45,3785.0,3781.4,3782.0,7131
2024-04-03 11:40:00,3782.0,3782.95,3780.0,3780.0,12028
2024-04-03 11:45:00,3781.0,3781.1,3776.0,3777.85,11374
2024-04-03 11:50:00,3777.85,3781.25,3777.7,3780.0,10589
2024-04-03 11:55:00,3780.05,3781.75,3777.0,3777.0,11904
2024-04-03 12:00:00,3777.05,3780.0,3777.0,3777.45,14424
2024-04-03 12:05:00,3777.45,3782.8,3776.5,3778.0,18803
2024-04-03 12:10:00,3778.0,3780.25,3776.3,3778.0,14801
2024-04-03 12:15:00,3779.0,3780.95,3778.9,3779.15,14063
2024-04-03 12:20:00,3779.1,3780.35,3779.1,3780.0,49980
2024-04-03 12:25:00,3780.0,3781.55,3775.25,3778.55,19723
2024-04-03 12:30:00,3778.55,3782.95,3778.55,3782.05,11624
2024-04-03 12:35:00,3782.05,3782.8,3780.0,3780.0,6964
2024-04-03 12:40:00,3780.4,3782.7,3780.0,3781.45,9440
2024-04-03 12:45:00,3781.45,3789.75,3781.2,3787.4,26829
2024-04-03 12:50:00,3787.4,3798.0,3787.35,3793.15,30364
2024-04-03 12:55:00,3793.65,3795.0,3791.0,3792.45,17996
2024-04-03 13:00:00,3792.0,3792.55,3786.35,3788.1,18312
2024-04-03 13:05:00,3789.15,3792.0,3786.6,3790.3,13958
2024-04-03 13:10:00,3790.3,3792.0,3787.7,3788.45,14120
2024-04-03 13:15:00,3788.45,3793.0,3787.3,3793.0,14800
2024-04-03 13:20:00,3793.0,3793.15,3788.35,3789.15,13246
2024-04-03 13:25:00,3789.15,3791.95,3788.0,3789.8,13556
2024-04-03 13:30:00,3789.8,3791.3,3783.35,3785.85,17320
2024-04-03 13:35:00,3785.8,3790.6,3782.85,3789.4,17312
2024-04-03 13:40:00,3788.95,3789.4,3783.65,3785.45,16992
2024-04-03 13:45:00,3786.1,3786.6,3775.15,3775.2,17423
2024-04-03 13:50:00,3775.2,3777.55,3775.0,3776.25,14696
2024-04-03 13:55:00,3776.8,3780.3,3775.25,3777.0,12755
2024-04-03 14:00:00,3777.05,3778.2,3774.4,3775.05,30426
2024-04-03 14:05:00,3775.2,3779.3,3774.2,3778.35,12919
2024-04-03 14:10:00,3778.35,3784.0,3778.3,3782.0,15383
2024-04-03 14:15:00,3782.25,3784.6,3780.8,3782.0,14210
2024-04-03 14:20:00,3782.0,3783.55,3780.55,3780.75,14719
2024-04-03 14:25:00,3780.8,3782.8,3779.7,3782.0,15296
2024-04-03 14:30:00,3782.0,3782.2,3778.1,3778.6,23931
2024-04-03 14:35:00,3778.7,3781.3,3776.05,3777.0,18184
2024-04-03 14:40:00,3776.85,3780.0,3775.95,3777.7,12225
2024-04-03 14:45:00,3777.65,3779.5,3776.65,3777.15,15579
2024-04-03 14:50:00,3777.55,3787.0,3777.25,3784.5,35506
2024-04-03 14:55:00,3784.55,3786.65,3780.95,3785.1,24904
2024-04-03 15:00:00,3785.1,3787.65,3776.6,3781.8,37434
2024-04-03 15:05:00,3781.7,3784.4,3779.2,3783.65,38501
2024-04-03 15:10:00,3783.65,3785.0,3781.45,3782.7,32769
2024-04-03 15:15:00,3782.45,3783.95,3779.65,3783.7,37279
2024-04-03 15:20:00,3782.2,3784.25,3780.0,3781.0,46194
2024-04-03 15:25:00,3781.0,3783.7,3779.85,3782.9,23218
2024-04-04 09:15:00,3804.9,3808.3,3783.0,3803.55,99854
2024-04-04 09:20:00,3804.0,3804.95,3787.35,3788.9,48603
2024-04-04 09:25:00,3790.45,3798.0,3788.2,3790.25,33926
2024-04-04 09:30:00,3789.75,3789.95,3775.0,3779.15,44655
2024-04-04 09:35:00,3778.45,3783.75,3771.35,3777.0,28530
2024-04-04 09:40:00,3776.9,3781.75,3771.9,3771.9,35182
2024-04-04 09:45:00,3771.8,3777.3,3767.15,3769.1,41673
2024-04-04 09:50:00,3769.2,3772.9,3745.6,3748.0,70930
2024-04-04 09:55:00,3747.6,3753.3,3738.05,3747.0,56153
2024-04-04 10:00:00,3746.0,3756.95,3745.05,3755.05,40772
2024-04-04 10:05:00,3755.05,3761.0,3750.0,3750.4,38012
2024-04-04 10:10:00,3750.35,3754.9,3745.3,3745.4,36611
2024-04-04 10:15:00,3747.15,3759.75,3745.15,3757.7,49827
2024-04-04 10:20:00,3757.55,3766.25,3755.0,3760.0,26149
2024-04-04 10:25:00,3760.0,3762.35,3753.95,3757.0,17694
2024-04-04 10:30:00,3757.0,3760.0,3752.8,3758.5,21237
2024-04-04 10:35:00,3759.2,3763.0,3758.25,3760.0,20415
2024-04-04 10:40:00,3761.5,3764.95,3755.0,3757.0,25390
2024-04-04 10:45:00,3757.3,3757.7,3754.0,3754.0,20325
2024-04-04 10:50:00,3754.0,3755.85,3734.3,3736.0,89242
2024-04-04 10:55:00,3736.0,3749.7,3731.05,3748.2,45294
2024-04-04 11:00:00,3748.1,3751.55,3746.25,3747.35,11829
2024-04-04 11:05:00,3747.1,3753.15,3743.75,3751.0,20364
2024-04-04 11:10:00,3751.0,3761.0,3749.0,3758.8,32814
2024-04-04 11:15:00,3756.9,3761.0,3751.25,3760.45,38026
2024-04-04 11:20:00,3760.0,3762.0,3756.0,3756.75,10809
2024-04-04 11:25:00,3757.4,3758.6,3750.0,3751.35,12759
2024-04-04 11:30:00,3751.35,3757.0,3742.0,3749.55,17646
2024-04-04 11:35:00,3747.55,3755.0,3746.1,3751.65,10537
2024-04-04 11:40:00,3751.55,3755.0,3750.3,3754.05,12626
2024-04-04 11:45:00,3754.05,3761.25,3750.85,3758.8,13053
2024-04-04 11:50:00,3758.8,3761.2,3755.0,3755.45,14689
2024-04-04 11:55:00,3755.25,3757.5,3752.0,3757.0,8984
2024-04-04 12:00:00,3757.0,3760.0,3752.7,3754.2,8553
2024-04-04 12:05:00,3754.5,3759.2,3753.4,3756.65,14832
2024-04-04 12:10:00,3756.65,3759.0,3747.5,3748.0,27792
2024-04-04 12:15:00,3749.2,3758.4,3747.35,3757.9,14898
2024-04-04 12:20:00,3757.9,3759.7,3752.7,3754.5,11155
2024-04-04 12:25:00,3754.5,3757.3,3748.75,3752.95,10564
2024-04-04 12:30:00,3753.0,3758.7,3751.9,3758.1,13865
2024-04-04 12:35:00,3757.9,3765.9,3757.0,3763.9,26864
2024-04-04 12:40:00,3765.0,3778.0,3763.7,3774.75,61946
2024-04-04 12:45:00,3774.15,3779.9,3771.7,3779.75,49442
2024-04-04 12:50:00,3779.75,3788.65,3778.0,3785.7,59600
2024-04-04 12:55:00,3785.9,3789.0,3780.45,3785.0,32749
2024-04-04 13:00:00,3785.9,3789.0,3783.05,3785.5,26757
2024-04-04 13:05:00,3784.15,3790.0,3783.85,3786.75,34340
2024-04-04 13:10:00,3786.75,3797.5,3786.55,3794.7,35798
2024-04-04 13:15:00,3796.85,3798.0,3791.6,3795.0,27204
2024-04-04 13:20:00,3795.0,3809.95,3792.6,3807.4,58959
2024-04-04 13:25:00,3807.4,3813.45,3803.55,3812.05,83413
2024-04-04 13:30:00,3811.95,3819.75,3807.55,3813.25,64353
2024-04-04 13:35:00,3813.3,3817.0,3807.05,3809.55,38798
2024-04-04 13:40:00,3809.55,3810.65,3805.0,3809.3,24255
2024-04-04 13:45:00,3809.0,3812.0,3800.0,3810.35,19713
2024-04-04 13:50:00,3811.95,3811.95,3801.4,3808.1,12165
2024-04-04 13:55:00,3807.4,3811.1,3803.05,3806.4,19466
2024-04-04 14:00:00,3807.75,3815.85,3805.1,3811.35,23436
2024-04-04 14:05:00,3810.05,3813.2,3806.1,3806.3,16213
2024-04-04 14:10:00,3807.8,3810.0,3802.65,3806.6,12489
2024-04-04 14:15:00,3806.6,3810.0,3802.2,3810.0,49244
2024-04-04 14:20:00,3809.0,3811.0,3804.0,3808.0,11061
2024-04-04 14:25:00,3808.0,3815.0,3806.0,3813.0,11649
2024-04-04 14:30:00,3813.0,3813.35,3807.0,3809.35,9265
2024-04-04 14:35:00,3808.55,3813.0,3806.0,3808.75,16397
2024-04-04 14:40:00,3808.15,3814.0,3807.25,3813.2,10242
2024-04-04 14:45:00,3813.2,3814.65,3803.85,3805.45,20825
2024-04-04 14:50:00,3806.3,3809.4,3801.55,3804.4,21417
2024-04-04 14:55:00,3804.4,3805.05,3794.8,3799.45,15764
2024-04-04 15:00:00,3799.0,3799.8,3786.25,3791.9,79777
2024-04-04 15:05:00,3792.25,3796.85,3788.15,3794.75,50049
2024-04-04 15:10:00,3794.6,3799.6,3794.0,3798.4,27847
2024-04-04 15:15:00,3797.75,3806.7,3797.25,3806.7,21934
2024-04-04 15:20:00,3806.7,3810.0,3802.25,3809.5,35722
2024-04-04 15:25:00,3809.85,3811.2,3805.1,3810.0,33833
2024-04-05 09:15:00,3770.1,3790.0,3755.0,3760.6,79141
2024-04-05 09:20:00,3760.0,3763.0,3752.4,3754.6,50865
2024-04-05 09:25:00,3754.6,3766.9,3754.4,3758.7,23613
2024-04-05 09:30:00,3758.7,3762.0,3755.0,3759.25,38877
2024-04-05 09:35:00,3758.85,3765.0,3741.65,3745.05,63105
2024-04-05 09:40:00,3745.95,3749.3,3733.0,3747.0,66932
2024-04-05 09:45:00,3747.0,3750.85,3733.55,3736.15,40864
2024-04-05 09:50:00,3735.1,3739.7,3730.0,3733.25,39478
2024-04-05 09:55:00,3734.55,3735.95,3721.3,3725.9,50172
2024-04-05 10:00:00,3726.0,3736.0,3723.4,3736.0,27411
2024-04-05 10:05:00,3735.95,3735.95,3720.0,3723.55,43530
2024-04-05 10:10:00,3724.1,3728.2,3721.95,3725.6,22121
2024-04-05 10:15:00,3725.6,3727.0,3721.1,3724.0,19910
2024-04-05 10:20:00,3724.0,3729.0,3716.25,3729.0,46451
2024-04-05 10:25:00,3729.0,3738.3,3728.05,3737.75,40323
2024-04-05 10:30:00,3739.0,3744.0,3736.0,3743.0,38736
2024-04-05 10:35:00,3743.05,3748.0,3741.55,3745.5,24599
2024-04-05 10:40:00,3745.9,3746.5,3736.2,3736.95,38239
2024-04-05 10:45:00,3736.1,3746.0,3735.0,3745.9,20336
2024-04-05 10:50:00,3745.9,3747.0,3744.95,3746.0,11906
2024-04-05 10:55:00,3746.0,3750.0,3745.5,3750.0,15142
2024-04-05 11:00:00,3750.0,3753.25,3743.05,3744.0,30463
2024-04-05 11:05:00,3744.0,3745.25,3743.0,3745.25,7815
2024-04-05 11:10:00,3745.25,3748.7,3744.95,3748.0,5347
2024-04-05 11:15:00,3747.3,3748.35,3743.05,3745.95,7942
2024-04-05 11:20:00,3746.0,3746.0,3732.7,3742.75,25864
2024-04-05 11:25:00,3742.8,3742.95,3739.0,3741.5,7593
2024-04-05 11:30:00,3740.4,3744.1,3738.65,3742.5,5651
2024-04-05 11:35:00,3742.5,3745.0,3739.7,3745.0,10117
2024-04-05 11:40:00,3745.0,3747.0,3735.05,3738.5,18761
2024-04-05 11:45:00,3738.5,3741.85,3735.0,3740.15,13775
2024-04-05 11:50:00,3740.15,3745.0,3738.85,3744.35,9416
2024-04-05 11:55:00,3743.9,3745.0,3741.6,3743.9,6306
2024-04-05 12:00:00,3742.65,3744.7,3739.4,3743.65,7798
2024-04-05 12:05:00,3743.65,3746.5,3742.4,3746.4,5374
2024-04-05 12:10:00,3746.1,3747.5,3744.7,3747.15,5857
2024-04-05 12:15:00,3747.15,3747.25,3744.3,3745.1,3441
2024-04-05 12:20:00,3745.0,3749.55,3745.0,3745.0,9596
2024-04-05 12:25:00,3745.4,3747.45,3743.0,3747.0,6733
2024-04-05 12:30:00,3746.2,3750.0,3745.1,3748.0,9607
2024-04-05 12:35:00,3748.3,3751.6,3745.35,3747.15,12740
2024-04-05 12:40:00,3745.6,3751.0,3745.0,3746.85,8869
2024-04-05 12:45:00,3746.85,3749.4,3745.65,3748.6,2938
2024-04-05 12:50:00,3748.15,3749.0,3747.0,3749.0,4024
2024-04-05 12:55:00,3749.0,3749.0,3745.1,3746.05,3458
2024-04-05 13:00:00,3746.05,3746.95,3744.9,3746.5,7437
2024-04-05 13:05:00,3745.3,3747.9,3745.0,3747.9,4696
2024-04-05 13:10:00,3747.6,3748.0,3745.0,3746.35,4571
2024-04-05 13:15:00,3746.35,3747.0,3745.0,3747.0,3534
2024-04-05 13:20:00,3746.95,3747.9,3745.0,3746.8,6344
2024-04-05 13:25:00,3746.5,3747.0,3745.1,3747.0,3405
2024-04-05 13:30:00,3746.35,3748.0,3745.45,3747.9,3303
2024-04-05 13:35:00,3747.15,3747.9,3744.05,3745.0,11010
2024-04-05 13:40:00,3744.6,3746.2,3741.0,3742.3,17309
2024-04-05 13:45:00,3741.15,3742.8,3737.85,3740.0,14103
2024-04-05 13:50:00,3740.0,3748.5,3739.45,3747.15,15353
2024-04-05 13:55:00,3747.1,3751.0,3745.65,3749.0,15344
2024-04-05 14:00:00,3748.0,3751.15,3745.3,3747.85,12375
2024-04-05 14:05:00,3747.65,3748.4,3742.8,3746.35,16386
2024-04-05 14:10:00,3745.1,3746.8,3742.0,3745.85,9446
2024-04-05 14:15:00,3745.0,3747.95,3744.6,3747.25,10857
2024-04-05 14:20:00,3747.25,3748.75,3745.0,3745.1,6676
2024-04-05 14:25:00,3745.0,3746.85,3741.0,3744.35,18679
2024-04-05 14:30:00,3742.7,3748.0,3742.6,3746.9,14215
2024-04-05 14:35:00,3746.95,3747.45,3742.5,3744.7,10009
2024-04-05 14:40:00,3744.7,3748.0,3741.8,3742.55,26554
2024-04-05 14:45:00,3742.55,3745.0,3740.0,3743.0,22488
2024-04-05 14:50:00,3743.0,3744.45,3740.5,3742.6,14460
2024-04-05 14:55:00,3742.8,3743.25,3737.25,3740.75,40288
2024-04-05 15:00:00,3740.9,3742.0,3736.05,3738.3,51439
2024-04-05 15:05:00,3738.3,3743.75,3738.0,3741.65,47689
2024-04-05 15:10:00,3741.95,3745.0,3740.3,3743.85,50807
2024-04-05 15:15:00,3743.45,3744.7,3740.25,3742.2,55797
2024-04-05 15:20:00,3742.25,3749.8,3742.0,3749.8,51676
2024-04-05 15:25:00,3749.0,3749.9,3740.0,3744.0,47309
2024-04-08 09:15:00,3745.0,3759.7,3743.1,3754.3,33940
2024-04-08 09:20:00,3755.7,3765.0,3748.85,3763.85,24715
2024-04-08 09:25:00,3765.0,3770.0,3761.1,3764.95,30339
2024-04-08 09:30:00,3764.0,3774.8,3764.0,3771.0,20350
2024-04-08 09:35:00,3771.0,3774.0,3768.25,3772.4,13561
2024-04-08 09:40:00,3772.4,3781.4,3771.0,3778.8,32145
2024-04-08 09:45:00,3778.8,3779.1,3767.2,3770.0,20680
2024-04-08 09:50:00,3770.3,3774.95,3767.0,3768.8,13014
2024-04-08 09:55:00,3768.0,3771.05,3764.15,3766.2,10750
2024-04-08 10:00:00,3766.2,3766.9,3762.4,3765.6,9413
2024-04-08 10:05:00,3764.5,3767.95,3760.1,3761.95,11085
2024-04-08 10:10:00,3762.0,3774.05,3762.0,3774.05,7396
2024-04-08 10:15:00,3774.85,3775.0,3766.25,3769.0,7600
2024-04-08 10:20:00,3769.05,3769.05,3766.1,3767.0,6145
2024-04-08 10:25:00,3767.0,3768.55,3763.3,3767.0,6792
2024-04-08 10:30:00,3767.8,3775.65,3765.05,3768.9,10926
2024-04-08 10:35:00,3768.9,3770.95,3766.6,3767.85,6041
2024-04-08 10:40:00,3766.7,3778.0,3766.25,3774.0,5490
2024-04-08 10:45:00,3774.0,3775.2,3770.0,3770.7,6239
2024-04-08 10:50:00,3770.7,3772.35,3769.8,3772.35,4486
2024-04-08 10:55:00,3771.8,3783.85,3771.8,3779.15,25372
2024-04-08 11:00:00,3779.15,3780.05,3775.0,3775.25,7109
2024-04-08 11:05:00,3775.25,3780.4,3774.9,3780.4,7777
2024-04-08 11:10:00,3780.4,3783.0,3780.0,3781.5,8310
2024-04-08 11:15:00,3781.8,3791.0,3778.7,3789.85,29933
2024-04-08 11:20:00,3790.0,3792.85,3783.6,3784.95,27042
2024-04-08 11:25:00,3784.95,3787.2,3780.0,3780.3,8885
2024-04-08 11:30:00,3780.0,3782.65,3775.55,3778.1,10194
2024-04-08 11:35:00,3778.1,3783.7,3776.5,3781.95,6840
2024-04-08 11:40:00,3781.45,3784.25,3778.2,3780.3,6298
2024-04-08 11:45:00,3780.05,3780.15,3775.8,3777.0,6218
2024-04-08 11:50:00,3777.0,3788.0,3776.4,3787.0,6509
2024-04-08 11:55:00,3787.0,3790.0,3786.1,3789.7,8758
2024-04-08 12:00:00,3789.7,3792.0,3782.9,3784.45,13266
2024-04-08 12:05:00,3784.6,3791.9,3784.0,3790.1,5556
2024-04-08 12:10:00,3791.5,3793.25,3789.3,3793.25,7380
2024-04-08 12:15:00,3793.25,3797.15,3792.05,3794.95,21151
2024-04-08 12:20:00,3794.95,3795.25,3789.15,3789.7,7917
2024-04-08 12:25:00,3790.0,3795.0,3788.0,3792.75,9734
2024-04-08 12:30:00,3794.0,3797.5,3792.2,3794.4,10255
2024-04-08 12:35:00,3794.4,3798.5,3794.0,3797.0,10935
2024-04-08 12:40:00,3797.25,3799.0,3794.95,3798.0,7670
2024-04-08 12:45:00,3797.95,3799.4,3794.1,3796.0,10226
2024-04-08 12:50:00,3796.0,3798.0,3794.6,3796.5,4694
2024-04-08 12:55:00,3796.85,3796.95,3791.65,3793.6,6729
2024-04-08 13:00:00,3793.6,3797.5,3793.0,3797.5,14549
2024-04-08 13:05:00,3797.5,3798.0,3794.0,3796.55,7134
2024-04-08 13:10:00,3797.0,3798.0,3795.1,3796.7,6401
2024-04-08 13:15:00,3797.9,3798.0,3787.0,3787.0,11224
2024-04-08 13:20:00,3786.7,3788.6,3783.2,3785.55,13773
2024-04-08 13:25:00,3786.05,3787.95,3778.0,3779.45,20304
2024-04-08 13:30:00,3779.25,3788.8,3778.0,3787.95,12404
2024-04-08 13:35:00,3788.0,3790.5,3785.8,3789.3,15006
2024-04-08 13:40:00,3789.3,3791.75,3786.25,3789.25,6862
2024-04-08 13:45:00,3788.25,3790.0,3786.3,3790.0,7212
2024-04-08 13:50:00,3790.0,3790.0,3780.0,3782.0,9739
2024-04-08 13:55:00,3780.55,3786.95,3775.0,3785.0,10561
2024-04-08 14:00:00,3785.7,3786.35,3778.65,3783.3,6283
2024-04-08 14:05:00,3783.35,3788.55,3780.0,3780.45,14495
2024-04-08 14:10:00,3780.5,3784.85,3777.0,3784.45,7742
2024-04-08 14:15:00,3784.3,3787.35,3783.0,3786.0,8324
2024-04-08 14:20:00,3786.0,3789.9,3783.7,3789.6,8482
2024-04-08 14:25:00,3789.65,3792.0,3789.55,3791.05,11197
2024-04-08 14:30:00,3791.75,3795.0,3790.0,3795.0,11887
2024-04-08 14:35:00,3795.0,3798.85,3794.0,3798.85,22383
2024-04-08 14:40:00,3798.9,3802.0,3790.05,3790.95,37820
2024-04-08 14:45:00,3791.0,3799.0,3791.0,3798.95,13392
2024-04-08 14:50:00,3799.0,3799.65,3795.0,3796.7,14143
2024-04-08 14:55:00,3796.5,3799.0,3795.35,3798.9,10554
2024-04-08 15:00:00,3798.6,3801.6,3795.0,3801.6,26846
2024-04-08 15:05:00,3801.5,3805.45,3799.15,3801.75,25446
2024-04-08 15:10:00,3801.8,3808.95,3801.8,3808.4,42243
2024-04-08 15:15:00,3808.4,3810.0,3806.0,3809.95,44254
2024-04-08 15:20:00,3808.7,3811.05,3808.0,3809.85,34273
2024-04-08 15:25:00,3809.65,3819.8,3808.95,3811.05,52264
2024-04-09 09:15:00,3820.0,3827.95,3795.0,3798.45,66951
2024-04-09 09:20:00,3797.45,3804.3,3790.35,3792.2,32582
2024-04-09 09:25:00,3791.35,3795.75,3781.0,3795.0,20839
2024-04-09 09:30:00,3793.55,3800.5,3790.5,3790.5,13786
2024-04-09 09:35:00,3790.5,3798.5,3787.4,3798.3,9034
2024-04-09 09:40:00,3798.5,3802.0,3794.75,3802.0,8996
2024-04-09 09:45:00,3802.0,3802.8,3794.1,3797.3,10158
2024-04-09 09:50:00,3797.3,3800.45,3794.0,3795.45,8123
2024-04-09 09:55:00,3795.0,3797.85,3793.0,3797.0,4300
2024-04-09 10:00:00,3797.15,3802.0,3795.6,3800.25,6367
2024-04-09 10:05:00,3800.5,3801.0,3796.45,3798.55,5450
2024-04-09 10:10:00,3798.4,3798.75,3793.0,3793.05,6612
2024-04-09 10:15:00,3793.05,3795.0,3790.1,3792.6,6414
2024-04-09 10:20:00,3793.4,3800.95,3792.3,3799.7,10395
2024-04-09 10:25:00,3799.7,3806.8,3798.8,3804.95,29207
2024-04-09 10:30:00,3805.9,3805.95,3800.6,3804.7,7127
2024-04-09 10:35:00,3804.7,3814.0,3804.05,3804.85,17091
2024-04-09 10:40:00,3804.85,3810.7,3804.75,3808.3,6983
2024-04-09 10:45:00,3809.35,3810.0,3806.5,3809.0,9022
2024-04-09 10:50:00,3808.4,3809.0,3805.1,3808.95,5887
2024-04-09 10:55:00,3808.95,3815.0,3808.0,3811.75,10183
2024-04-09 11:00:00,3811.5,3813.0,3809.2,3811.05,6990
2024-04-09 11:05:00,3811.6,3811.6,3807.05,3809.15,6338
2024-04-09 11:10:00,3809.15,3809.75,3800.9,3801.3,9450
2024-04-09 11:15:00,3801.25,3809.6,3800.7,3807.85,7400
2024-04-09 11:20:00,3808.0,3812.0,3806.8,3811.8,67810
2024-04-09 11:25:00,3812.0,3812.9,3808.05,3809.0,9819
2024-04-09 11:30:00,3809.05,3811.0,3806.25,3807.9,62649
2024-04-09 11:35:00,3807.95,3809.9,3806.0,3809.05,9209
2024-04-09 11:40:00,3809.05,3810.6,3806.2,3808.0,6598
2024-04-09 11:45:00,3808.0,3810.0,3806.3,3807.65,60175
2024-04-09 11:50:00,3807.95,3808.5,3804.15,3806.8,9312
2024-04-09 11:55:00,3807.0,3807.25,3805.0,3805.95,8232
2024-04-09 12:00:00,3805.9,3809.85,3804.75,3809.6,6208
2024-04-09 12:05:00,3809.35,3810.0,3806.05,3808.55,6420
2024-04-09 12:10:00,3809.0,3809.85,3802.05,3805.25,12227
2024-04-09 12:15:00,3805.3,3811.0,3804.7,3810.2,11328
2024-04-09 12:20:00,3810.35,3811.1,3805.35,3805.65,12967
2024-04-09 12:25:00,3806.3,3810.0,3805.15,3809.8,7316
2024-04-09 12:30:00,3809.9,3810.0,3806.0,3806.9,5780
2024-04-09 12:35:00,3807.0,3808.45,3804.0,3806.0,12348
2024-04-09 12:40:00,3805.15,3807.95,3804.0,3805.4,7955
2024-04-09 12:45:00,3805.8,3808.25,3804.45,3806.45,8959
2024-04-09 12:50:00,3806.05,3807.85,3805.0,3807.0,6531
2024-04-09 12:55:00,3807.0,3808.35,3805.4,3806.5,18863
2024-04-09 13:00:00,3806.5,3808.2,3804.15,3807.0,18667
2024-04-09 13:05:00,3807.0,3809.0,3805.5,3807.95,7361
2024-04-09 13:10:00,3807.95,3808.9,3806.65,3808.3,6678
2024-04-09 13:15:00,3807.3,3808.75,3805.0,3806.9,7632
2024-04-09 13:20:00,3806.85,3808.25,3804.75,3806.65,9796
2024-04-09 13:25:00,3806.95,3808.2,3805.05,3807.75,6194
2024-04-09 13:30:00,3807.75,3808.85,3805.2,3806.7,7512
2024-04-09 13:35:00,3807.95,3808.3,3806.0,3806.9,6755
2024-04-09 13:40:00,3806.9,3807.8,3802.0,3805.0,14790
2024-04-09 13:45:00,3805.0,3806.95,3797.4,3798.55,31728
2024-04-09 13:50:00,3800.25,3804.1,3794.5,3802.0,13407
2024-04-09 13:55:00,3802.35,3806.5,3800.0,3806.1,15544
2024-04-09 14:00:00,3806.1,3807.0,3802.85,3806.0,9811
2024-04-09 14:05:00,3806.0,3806.75,3800.85,3803.9,9606
2024-04-09 14:10:00,3803.9,3806.0,3786.25,3790.25,58604
2024-04-09 14:15:00,3790.75,3802.5,3790.0,3800.0,14869
2024-04-09 14:20:00,3800.4,3807.55,3800.0,3802.85,11728
2024-04-09 14:25:00,3804.3,3804.3,3798.15,3798.9,29949
2024-04-09 14:30:00,3798.9,3800.2,3790.25,3791.4,40706
2024-04-09 14:35:00,3791.4,3792.2,3785.0,3787.45,22576
2024-04-09 14:40:00,3787.5,3790.05,3775.0,3779.45,57959
2024-04-09 14:45:00,3779.45,3790.7,3779.0,3785.05,667879
2024-04-09 14:50:00,3785.05,3792.3,3785.0,3790.0,82132
2024-04-09 14:55:00,3789.8,3794.95,3788.0,3793.25,18943
2024-04-09 15:00:00,3793.25,3793.25,3784.8,3786.05,38899
2024-04-09 15:05:00,3786.1,3786.8,3780.15,3783.05,21367
2024-04-09 15:10:00,3784.35,3784.85,3781.05,3781.35,15094
2024-04-09 15:15:00,3782.0,3788.25,3781.7,3785.45,23230
2024-04-09 15:20:00,3786.1,3787.7,3782.1,3783.95,28053
2024-04-09 15:25:00,3783.5,3788.7,3781.0,3781.0,22844
2024-04-10 09:15:00,3800.0,3800.0,3779.4,3798.25,137375
2024-04-10 09:20:00,3797.4,3798.0,3774.25,3779.0,36805
2024-04-10 09:25:00,3779.0,3785.5,3778.45,3781.9,25462
2024-04-10 09:30:00,3782.0,3784.0,3776.0,3780.4,17993
2024-04-10 09:35:00,3780.05,3788.65,3778.15,3787.95,17625
2024-04-10 09:40:00,3786.8,3791.6,3783.05,3788.95,24466
2024-04-10 09:45:00,3788.55,3790.55,3785.05,3786.5,23809
2024-04-10 09:50:00,3786.35,3789.55,3775.5,3781.6,42743
2024-04-10 09:55:00,3781.1,3782.5,3776.3,3779.45,13561
2024-04-10 10:00:00,3779.95,3783.85,3772.0,3772.0,27679
2024-04-10 10:05:00,3772.0,3779.75,3771.1,3777.75,17506
2024-04-10 10:10:00,3777.75,3780.35,3771.55,3773.6,14699
2024-04-10 10:15:00,3773.5,3775.8,3772.0,3772.0,8398
2024-04-10 10:20:00,3772.0,3772.0,3763.8,3767.85,22985
2024-04-10 10:25:00,3767.9,3768.65,3764.5,3766.4,13111
2024-04-10 10:30:00,3766.0,3769.6,3760.1,3765.6,17299
2024-04-10 10:35:00,3765.0,3769.4,3764.5,3766.5,8916
2024-04-10 10:40:00,3766.25,3768.15,3763.0,3763.7,11744
2024-04-10 10:45:00,3763.5,3764.95,3761.0,3764.1,14891
2024-04-10 10:50:00,3764.1,3764.6,3752.55,3756.9,26789
2024-04-10 10:55:00,3756.5,3762.35,3754.5,3761.85,18353
2024-04-10 11:00:00,3761.85,3766.0,3761.1,3763.0,28305
2024-04-10 11:05:00,3763.55,3767.0,3762.9,3764.65,17740
2024-04-10 11:10:00,3764.55,3765.4,3762.1,3763.35,16514
2024-04-10 11:15:00,3763.35,3764.45,3761.0,3762.5,18919
2024-04-10 11:20:00,3762.2,3763.0,3755.0,3759.0,52716
2024-04-10 11:25:00,3758.5,3762.4,3757.7,3759.9,13095
2024-04-10 11:30:00,3758.8,3768.0,3758.8,3766.25,13595
2024-04-10 11:35:00,3766.25,3771.0,3765.0,3765.5,23205
2024-04-10 11:40:00,3765.0,3767.65,3763.25,3764.1,16557
2024-04-10 11:45:00,3763.75,3767.95,3761.8,3763.55,10036
2024-04-10 11:50:00,3762.35,3765.95,3762.2,3763.95,8575
2024-04-10 11:55:00,3763.95,3769.0,3763.45,3767.45,10959
2024-04-10 12:00:00,3766.9,3771.45,3766.9,3770.5,10312
2024-04-10 12:05:00,3770.35,3776.9,3768.65,3776.3,33307
2024-04-10 12:10:00,3776.25,3776.25,3769.0,3772.25,15881
2024-04-10 12:15:00,3773.05,3774.3,3765.55,3765.85,10245
2024-04-10 12:20:00,3765.9,3770.0,3764.4,3769.5,17570
2024-04-10 12:25:00,3769.5,3770.0,3766.35,3769.55,7909
2024-04-10 12:30:00,3769.8,3770.2,3766.85,3766.85,12326
2024-04-10 12:35:00,3766.9,3770.0,3765.1,3767.2,13556
2024-04-10 12:40:00,3767.55,3769.4,3765.05,3765.15,8132
2024-04-10 12:45:00,3765.15,3766.65,3763.0,3764.0,7403
2024-04-10 12:50:00,3763.65,3769.0,3762.8,3767.7,9621
2024-04-10 12:55:00,3767.6,3769.7,3765.0,3767.2,9899
2024-04-10 13:00:00,3767.1,3767.2,3763.1,3764.3,73334
2024-04-10 13:05:00,3764.3,3764.5,3760.0,3760.2,9854
2024-04-10 13:10:00,3760.0,3765.6,3760.0,3762.05,9094
2024-04-10 13:15:00,3762.05,3762.05,3760.35,3760.95,5588
2024-04-10 13:20:00,3760.55,3766.5,3760.55,3764.5,11482
2024-04-10 13:25:00,3764.1,3766.25,3760.35,3760.65,10315
2024-04-10 13:30:00,3760.5,3767.25,3760.5,3763.3,11768
2024-04-10 13:35:00,3763.3,3763.3,3761.0,3762.15,8930
2024-04-10 13:40:00,3761.15,3767.95,3761.15,3764.5,10671
2024-04-10 13:45:00,3764.5,3766.2,3761.15,3761.85,13239
2024-04-10 13:50:00,3762.55,3764.4,3761.1,3762.1,16122
2024-04-10 13:55:00,3761.5,3763.55,3761.15,3762.5,10611
2024-04-10 14:00:00,3762.45,3763.45,3759.3,3759.8,69618
2024-04-10 14:05:00,3759.8,3761.5,3756.5,3761.35,13077
2024-04-10 14:10:00,3760.05,3760.9,3756.0,3760.65,53924
2024-04-10 14:15:00,3760.55,3762.95,3758.0,3759.6,48897
2024-04-10 14:20:00,3759.0,3762.45,3758.0,3760.55,27274
2024-04-10 14:25:00,3760.4,3764.0,3758.35,3763.5,22930
2024-04-10 14:30:00,3763.85,3765.0,3762.0,3762.9,11182
2024-04-10 14:35:00,3762.85,3763.65,3758.05,3761.75,40931
2024-04-10 14:40:00,3761.75,3762.0,3756.1,3757.45,17612
2024-04-10 14:45:00,3757.75,3758.6,3750.1,3752.45,28015
2024-04-10 14:50:00,3751.7,3757.2,3751.4,3754.75,14904
2024-04-10 14:55:00,3754.45,3754.85,3751.5,3751.95,17126
2024-04-10 15:00:00,3751.5,3758.95,3751.35,3758.95,45752
2024-04-10 15:05:00,3758.9,3762.35,3752.05,3753.25,233511
2024-04-10 15:10:00,3753.15,3756.95,3751.05,3753.0,47432
2024-04-10 15:15:00,3753.0,3753.85,3750.75,3753.0,53476
2024-04-10 15:20:00,3753.55,3754.8,3750.6,3752.1,48050
2024-04-10 15:25:00,3752.1,3763.4,3751.0,3758.8,37862
2024-04-12 09:15:00,3749.95,3784.2,3741.45,3783.45,123170
2024-04-12 09:20:00,3783.45,3795.4,3781.75,3791.85,54524
2024-04-12 09:25:00,3792.95,3802.1,3784.4,3784.4,63904
2024-04-12 09:30:00,3783.6,3793.0,3780.0,3785.7,54142
2024-04-12 09:35:00,3785.7,3787.55,3772.4,3776.15,40124
2024-04-12 09:40:00,3775.15,3779.0,3753.15,3754.9,95657
2024-04-12 09:45:00,3755.1,3763.35,3754.5,3760.25,57466
2024-04-12 09:50:00,3760.0,3765.6,3751.0,3751.0,39131
2024-04-12 09:55:00,3752.05,3761.2,3748.0,3755.4,37022
2024-04-12 10:00:00,3755.4,3761.65,3752.3,3757.7,31572
2024-04-12 10:05:00,3757.7,3760.95,3754.0,3759.3,37367
2024-04-12 10:10:00,3759.6,3761.0,3755.0,3756.45,24464
2024-04-12 10:15:00,3756.45,3760.2,3752.0,3754.05,22978
2024-04-12 10:20:00,3754.05,3759.35,3752.65,3755.7,32180
2024-04-12 10:25:00,3757.25,3761.95,3755.5,3761.5,32543
2024-04-12 10:30:00,3761.9,3766.8,3760.0,3762.05,21484
2024-04-12 10:35:00,3763.1,3766.6,3760.6,3766.5,13339
2024-04-12 10:40:00,3765.0,3769.35,3760.0,3760.05,21483
2024-04-12 10:45:00,3760.0,3763.95,3760.0,3760.4,15801
2024-04-12 10:50:00,3760.45,3765.5,3759.6,3759.6,15281
2024-04-12 10:55:00,3759.6,3761.0,3755.25,3755.55,10748
2024-04-12 11:00:00,3755.6,3759.0,3754.1,3757.0,15773
2024-04-12 11:05:00,3758.0,3758.0,3752.0,3752.0,24735
2024-04-12 11:10:00,3753.6,3755.0,3751.5,3753.25,15625
2024-04-12 11:15:00,3753.25,3761.0,3753.25,3759.7,16392
2024-04-12 11:20:00,3760.0,3764.4,3760.0,3762.55,10629
2024-04-12 11:25:00,3762.55,3765.0,3760.95,3763.0,14442
2024-04-12 11:30:00,3762.55,3765.0,3757.55,3758.0,13985
2024-04-12 11:35:00,3758.0,3761.45,3758.0,3761.45,109031
2024-04-12 11:40:00,3760.35,3762.6,3756.9,3757.5,14224
2024-04-12 11:45:00,3757.55,3763.45,3757.1,3760.45,9782
2024-04-12 11:50:00,3762.2,3763.1,3759.8,3762.35,5289
2024-04-12 11:55:00,3762.45,3766.0,3760.2,3760.2,4833
2024-04-12 12:00:00,3760.2,3762.65,3757.4,3758.3,8656
2024-04-12 12:05:00,3758.3,3765.0,3757.6,3764.0,17744
2024-04-12 12:10:00,3764.0,3765.0,3763.25,3764.95,6942
2024-04-12 12:15:00,3764.95,3765.15,3738.75,3748.0,106625
2024-04-12 12:20:00,3748.85,3754.9,3745.15,3753.65,33242
2024-04-12 12:25:00,3753.65,3755.95,3746.35,3750.65,29584
2024-04-12 12:30:00,3752.2,3753.0,3746.4,3748.85,18366
2024-04-12 12:35:00,3748.85,3749.25,3732.05,3734.75,61924
2024-04-12 12:40:00,3734.75,3739.8,3727.0,3737.05,64574
2024-04-12 12:45:00,3737.2,3740.0,3735.0,3738.45,21382
2024-04-12 12:50:00,3737.65,3739.0,3723.7,3725.9,63435
2024-04-12 12:55:00,3724.0,3730.0,3718.8,3729.05,38489
2024-04-12 13:00:00,3729.55,3730.0,3718.35,3723.35,40195
2024-04-12 13:05:00,3723.9,3724.9,3707.4,3714.0,98823
2024-04-12 13:10:00,3714.0,3715.85,3705.0,3714.35,27668
2024-04-12 13:15:00,3714.0,3722.75,3713.55,3721.35,18413
2024-04-12 13:20:00,3722.7,3723.6,3717.0,3720.15,15586
2024-04-12 13:25:00,3720.9,3724.8,3718.05,3723.95,15923
2024-04-12 13:30:00,3722.5,3726.95,3721.8,3723.2,16653
2024-04-12 13:35:00,3724.15,3724.15,3715.0,3715.55,22679
2024-04-12 13:40:00,3715.55,3716.95,3703.5,3705.1,99696
2024-04-12 13:45:00,3706.85,3715.3,3704.0,3711.25,37528
2024-04-12 13:50:00,3711.8,3714.8,3708.3,3714.0,39528
2024-04-12 13:55:00,3714.0,3715.0,3707.6,3712.15,36103
2024-04-12 14:00:00,3712.25,3714.95,3705.55,3705.8,68452
2024-04-12 14:05:00,3706.4,3707.85,3695.55,3700.1,94494
2024-04-12 14:10:00,3700.5,3702.75,3694.3,3696.25,53809
2024-04-12 14:15:00,3696.0,3700.0,3695.05,3696.8,38238
2024-04-12 14:20:00,3697.25,3699.95,3689.0,3699.25,53604
2024-04-12 14:25:00,3698.15,3698.15,3693.95,3695.0,22892
2024-04-12 14:30:00,3695.0,3698.85,3692.0,3693.9,26145
2024-04-12 14:35:00,3693.9,3693.9,3682.05,3683.6,55916
2024-04-12 14:40:00,3683.05,3685.0,3669.3,3672.7,92883
2024-04-12 14:45:00,3673.9,3675.05,3663.5,3672.35,93935
2024-04-12 14:50:00,3672.3,3672.6,3665.0,3669.25,80428
2024-04-12 14:55:00,3668.85,3678.4,3668.0,3678.0,55121
2024-04-12 15:00:00,3678.0,3680.0,3670.15,3675.0,123325
2024-04-12 15:05:00,3675.0,3679.25,3672.95,3678.55,119541
2024-04-12 15:10:00,3678.8,3680.0,3677.05,3677.7,102244
2024-04-12 15:15:00,3678.4,3681.45,3672.4,3681.0,139174
2024-04-12 15:20:00,3681.35,3693.35,3681.05,3692.0,101184
2024-04-12 15:25:00,3692.3,3693.3,3680.9,3687.0,76672
2024-04-15 09:15:00,3626.05,3656.45,3597.45,3645.2,124800
2024-04-15 09:20:00,3645.0,3663.7,3641.4,3652.35,69892
2024-04-15 09:25:00,3652.05,3669.7,3651.55,3665.8,34493
2024-04-15 09:30:00,3664.35,3665.4,3640.25,3649.0,42925
2024-04-15 09:35:00,3648.95,3652.0,3643.25,3645.9,43568
2024-04-15 09:40:00,3646.95,3651.0,3644.05,3646.2,20346
2024-04-15 09:45:00,3646.2,3657.8,3645.2,3655.05,13819
2024-04-15 09:50:00,3654.2,3657.0,3650.6,3655.95,12059
2024-04-15 09:55:00,3656.15,3679.05,3653.85,3675.5,35476
2024-04-15 10:00:00,3677.0,3677.9,3670.5,3671.85,15620
2024-04-15 10:05:00,3672.55,3679.85,3667.0,3667.95,18944
2024-04-15 10:10:00,3667.95,3672.0,3664.05,3666.0,17870
2024-04-15 10:15:00,3665.25,3675.45,3663.0,3672.3,49591
2024-04-15 10:20:00,3674.45,3676.0,3667.95,3671.4,23365
2024-04-15 10:25:00,3670.1,3671.95,3668.0,3669.7,13302
2024-04-15 10:30:00,3669.7,3672.6,3668.35,3670.45,16693
2024-04-15 10:35:00,3671.0,3671.95,3668.8,3670.05,8562
2024-04-15 10:40:00,3670.0,3671.95,3653.35,3653.9,23915
2024-04-15 10:45:00,3653.95,3658.95,3648.0,3650.0,20581
2024-04-15 10:50:00,3650.0,3653.6,3647.7,3652.0,9194
2024-04-15 10:55:00,3653.3,3654.2,3648.85,3650.0,12171
2024-04-15 11:00:00,3650.0,3651.25,3640.5,3642.05,12420
2024-04-15 11:05:00,3642.05,3646.65,3634.05,3635.75,35317
2024-04-15 11:10:00,3636.0,3636.1,3613.05,3616.45,37112
2024-04-15 11:15:00,3615.3,3633.75,3615.05,3633.0,26012
2024-04-15 11:20:00,3633.0,3643.0,3630.9,3641.35,23239
2024-04-15 11:25:00,3641.55,3643.0,3637.2,3640.95,9363
2024-04-15 11:30:00,3639.65,3641.7,3636.0,3636.4,9467
2024-04-15 11:35:00,3636.0,3639.0,3636.0,3638.4,7237
2024-04-15 11:40:00,3638.4,3643.0,3637.3,3638.4,11148
2024-04-15 11:45:00,3639.7,3639.7,3626.55,3632.2,18831
2024-04-15 11:50:00,3633.0,3636.0,3631.05,3635.6,10838
2024-04-15 11:55:00,3635.65,3643.0,3634.0,3643.0,12285
2024-04-15 12:00:00,3643.0,3643.0,3637.1,3639.0,8388
2024-04-15 12:05:00,3639.0,3639.65,3635.05,3635.35,9327
2024-04-15 12:10:00,3635.15,3641.45,3634.0,3638.75,13016
2024-04-15 12:15:00,3638.75,3643.0,3635.05,3641.1,11445
2024-04-15 12:20:00,3640.2,3641.4,3636.25,3641.2,11133
2024-04-15 12:25:00,3641.35,3642.0,3636.0,3637.25,7989
2024-04-15 12:30:00,3637.25,3638.25,3632.1,3633.0,12291
2024-04-15 12:35:00,3634.0,3636.2,3631.0,3633.0,17020
2024-04-15 12:40:00,3633.0,3634.15,3625.0,3627.75,14608
2024-04-15 12:45:00,3627.25,3628.6,3621.05,3624.65,14472
2024-04-15 12:50:00,3624.65,3626.8,3621.0,3623.5,8907
2024-04-15 12:55:00,3623.5,3624.7,3612.55,3616.7,18369
2024-04-15 13:00:00,3616.7,3618.7,3610.0,3612.25,15520
2024-04-15 13:05:00,3612.25,3613.0,3607.3,3611.25,15811
2024-04-15 13:10:00,3612.5,3613.9,3608.0,3609.7,11449
2024-04-15 13:15:00,3608.05,3610.35,3605.0,3609.4,21528
2024-04-15 13:20:00,3609.4,3615.0,3608.1,3615.0,18710
2024-04-15 13:25:00,3615.0,3615.0,3613.05,3614.55,9366
2024-04-15 13:30:00,3614.75,3615.0,3609.0,3610.2,9909
2024-04-15 13:35:00,3609.9,3611.7,3601.2,3601.2,13617
2024-04-15 13:40:00,3601.2,3611.7,3601.1,3610.0,9120
2024-04-15 13:45:00,3610.55,3614.0,3607.3,3611.55,7451
2024-04-15 13:50:00,3612.0,3614.6,3611.55,3613.0,6435
2024-04-15 13:55:00,3613.95,3614.85,3612.1,3614.5,6153
2024-04-15 14:00:00,3614.55,3615.0,3609.05,3609.05,43103
2024-04-15 14:05:00,3609.6,3610.5,3605.15,3608.4,25350
2024-04-15 14:10:00,3608.45,3608.5,3601.1,3601.45,15394
2024-04-15 14:15:00,3601.5,3606.5,3600.0,3601.5,35611
2024-04-15 14:20:00,3601.95,3602.8,3592.35,3596.6,58173
2024-04-15 14:25:00,3596.95,3598.7,3593.0,3598.7,20999
2024-04-15 14:30:00,3598.6,3598.9,3590.75,3592.55,29910
2024-04-15 14:35:00,3592.1,3599.2,3586.2,3597.2,57293
2024-04-15 14:40:00,3597.05,3606.4,3597.05,3600.8,23341
2024-04-15 14:45:00,3600.8,3602.05,3591.2,3594.4,18482
2024-04-15 14:50:00,3593.75,3598.05,3589.0,3592.25,22479
2024-04-15 14:55:00,3592.5,3596.95,3590.0,3590.25,18838
2024-04-15 15:00:00,3590.25,3602.45,3589.0,3601.6,31686
2024-04-15 15:05:00,3601.6,3603.05,3598.6,3602.4,27715
2024-04-15 15:10:00,3602.8,3604.0,3600.05,3602.9,30484
2024-04-15 15:15:00,3602.85,3608.25,3599.5,3599.95,55260
2024-04-15 15:20:00,3599.95,3602.8,3598.35,3600.35,36494
2024-04-15 15:25:00,3600.35,3606.3,3600.0,3605.45,36368
2024-04-16 09:15:00,3580.05,3598.15,3563.55,3588.05,108653
2024-04-16 09:20:00,3588.05,3597.9,3579.15,3592.9,56580
2024-04-16 09:25:00,3592.9,3594.2,3575.05,3587.3,42007
2024-04-16 09:30:00,3587.9,3589.95,3575.0,3582.0,33939
2024-04-16 09:35:00,3581.95,3584.3,3570.05,3574.05,38973
2024-04-16 09:40:00,3574.7,3577.15,3565.0,3567.45,39670
2024-04-16 09:45:00,3567.1,3568.5,3556.0,3560.05,47995
2024-04-16 09:50:00,3559.7,3564.6,3554.05,3563.9,39956
2024-04-16 09:55:00,3563.8,3565.3,3560.0,3560.0,28854
2024-04-16 10:00:00,3560.05,3565.3,3560.0,3560.05,27326
2024-04-16 10:05:00,3560.05,3569.8,3558.95,3569.6,49926
2024-04-16 10:10:00,3569.8,3572.0,3562.45,3566.15,34943
2024-04-16 10:15:00,3566.1,3566.1,3555.0,3555.0,37539
2024-04-16 10:20:00,3555.0,3557.05,3547.05,3555.4,53320
2024-04-16 10:25:00,3555.35,3560.25,3553.0,3558.1,24865
2024-04-16 10:30:00,3558.05,3570.1,3558.0,3564.1,48500
2024-04-16 10:35:00,3564.1,3565.4,3556.3,3556.95,27608
2024-04-16 10:40:00,3556.95,3560.15,3551.4,3560.0,21667
2024-04-16 10:45:00,3559.9,3561.6,3556.05,3561.0,17041
2024-04-16 10:50:00,3561.0,3562.5,3556.5,3557.45,16101
2024-04-16 10:55:00,3557.15,3557.15,3552.6,3555.65,16905
2024-04-16 11:00:00,3555.65,3557.5,3552.0,3553.85,18132
2024-04-16 11:05:00,3553.45,3559.2,3553.05,3558.4,21339
2024-04-16 11:10:00,3558.25,3560.0,3555.2,3560.0,18277
2024-04-16 11:15:00,3560.0,3565.85,3557.2,3560.45,24624
2024-04-16 11:20:00,3561.0,3565.0,3560.45,3563.0,28592
2024-04-16 11:25:00,3563.0,3564.0,3560.65,3563.05,21717
2024-04-16 11:30:00,3563.05,3564.55,3560.1,3560.55,34870
2024-04-16 11:35:00,3560.55,3565.0,3560.55,3565.0,13844
2024-04-16 11:40:00,3564.9,3564.9,3560.6,3562.0,12012
2024-04-16 11:45:00,3562.0,3564.3,3560.0,3562.5,16841
2024-04-16 11:50:00,3562.6,3562.6,3558.0,3558.05,17675
2024-04-16 11:55:00,3558.35,3558.35,3553.05,3553.25,26591
2024-04-16 12:00:00,3553.3,3557.25,3550.0,3554.15,27177
2024-04-16 12:05:00,3554.95,3555.15,3550.55,3551.65,17493
2024-04-16 12:10:00,3551.55,3555.45,3551.55,3554.65,14523
2024-04-16 12:15:00,3554.6,3559.0,3554.6,3555.1,16867
2024-04-16 12:20:00,3555.25,3559.1,3553.25,3558.7,16984
2024-04-16 12:25:00,3558.7,3559.05,3552.05,3552.05,24056
2024-04-16 12:30:00,3552.1,3554.55,3547.1,3547.75,32947
2024-04-16 12:35:00,3547.65,3551.1,3543.15,3545.35,30882
2024-04-16 12:40:00,3545.0,3547.05,3540.5,3541.85,22984
2024-04-16 12:45:00,3541.65,3543.0,3536.3,3538.25,69351
2024-04-16 12:50:00,3538.25,3542.9,3536.05,3542.3,43377
2024-04-16 12:55:00,3542.55,3545.0,3542.05,3543.3,14509
2024-04-16 13:00:00,3543.4,3543.4,3538.5,3539.7,35115
2024-04-16 13:05:00,3539.7,3539.75,3533.0,3535.0,75807
2024-04-16 13:10:00,3534.9,3535.0,3531.2,3532.15,16273
2024-04-16 13:15:00,3532.1,3537.1,3529.45,3536.65,30898
2024-04-16 13:20:00,3536.35,3542.05,3535.65,3539.5,16571
2024-04-16 13:25:00,3539.5,3543.95,3539.0,3540.75,22181
2024-04-16 13:30:00,3540.35,3544.9,3539.1,3544.0,17871
2024-04-16 13:35:00,3543.75,3548.0,3540.8,3547.5,21022
2024-04-16 13:40:00,3547.5,3553.8,3547.0,3552.1,23763
2024-04-16 13:45:00,3552.1,3553.6,3546.4,3551.95,53004
2024-04-16 13:50:00,3551.95,3555.85,3550.7,3553.9,17046
2024-04-16 13:55:00,3553.95,3554.85,3552.0,3552.0,14229
2024-04-16 14:00:00,3552.0,3556.9,3550.0,3556.65,21869
2024-04-16 14:05:00,3556.55,3562.0,3556.0,3560.0,26548
2024-04-16 14:10:00,3559.85,3560.7,3557.1,3558.95,14935
2024-04-16 14:15:00,3558.95,3560.0,3556.1,3557.3,22840
2024-04-16 14:20:00,3557.3,3557.3,3551.35,3553.2,23760
2024-04-16 14:25:00,3553.15,3555.85,3550.25,3553.3,13778
2024-04-16 14:30:00,3553.3,3558.0,3552.5,3555.9,12910
2024-04-16 14:35:00,3555.95,3557.5,3548.95,3549.0,25677
2024-04-16 14:40:00,3548.95,3549.0,3544.0,3547.25,29621
2024-04-16 14:45:00,3547.85,3548.2,3540.0,3540.05,41904
2024-04-16 14:50:00,3540.05,3540.65,3535.0,3538.05,35147
2024-04-16 14:55:00,3538.05,3539.9,3535.0,3538.65,14829
2024-04-16 15:00:00,3538.4,3543.65,3536.15,3538.1,56355
2024-04-16 15:05:00,3538.2,3540.1,3536.1,3538.2,49719
2024-04-16 15:10:00,3538.7,3545.3,3538.2,3545.05,33469
2024-04-16 15:15:00,3545.05,3547.1,3543.3,3546.1,48155
2024-04-16 15:20:00,3546.05,3547.1,3543.05,3544.95,34978
2024-04-16 15:25:00,3544.95,3559.65,3544.8,3555.0,42552
2024-04-18 09:15:00,3561.95,3570.0,3547.7,3547.7,155878
2024-04-18 09:20:00,3547.65,3567.55,3547.55,3566.8,64797
2024-04-18 09:25:00,3566.7,3589.6,3566.05,3585.9,116597
2024-04-18 09:30:00,3585.6,3588.0,3574.25,3580.55,71795
2024-04-18 09:35:00,3580.65,3590.85,3577.15,3579.1,51069
2024-04-18 09:40:00,3580.4,3580.4,3559.15,3560.0,59484
2024-04-18 09:45:00,3560.05,3566.8,3552.3,3566.2,31979
2024-04-18 09:50:00,3565.0,3576.85,3565.0,3576.8,22074
2024-04-18 09:55:00,3576.95,3577.0,3570.05,3576.45,25308
2024-04-18 10:00:00,3576.0,3579.6,3575.0,3577.3,18739
2024-04-18 10:05:00,3577.95,3587.1,3575.0,3586.2,30044
2024-04-18 10:10:00,3586.2,3586.2,3575.0,3575.6,25506
2024-04-18 10:15:00,3575.55,3576.95,3570.0,3570.55,31965
2024-04-18 10:20:00,3572.1,3572.1,3562.5,3565.95,35396
2024-04-18 10:25:00,3565.95,3569.95,3563.2,3569.9,27508
2024-04-18 10:30:00,3569.9,3571.7,3562.65,3569.9,29389
2024-04-18 10:35:00,3570.85,3581.0,3569.6,3578.9,35989
2024-04-18 10:40:00,3578.9,3583.3,3575.0,3579.95,33856
2024-04-18 10:45:00,3579.95,3584.0,3578.8,3581.15,36359
2024-04-18 10:50:00,3581.0,3583.4,3580.0,3580.85,34575
2024-04-18 10:55:00,3580.5,3581.8,3580.0,3580.6,17081
2024-04-18 11:00:00,3580.1,3588.4,3580.1,3586.5,30978
2024-04-18 11:05:00,3586.85,3598.0,3586.8,3596.85,47286
2024-04-18 11:10:00,3596.85,3600.7,3594.35,3595.75,31516
2024-04-18 11:15:00,3596.0,3604.0,3594.35,3603.4,24000
2024-04-18 11:20:00,3601.55,3604.05,3600.0,3601.75,18286
2024-04-18 11:25:00,3602.3,3603.95,3600.5,3600.8,11290
2024-04-18 11:30:00,3601.05,3615.6,3600.5,3613.9,40608
2024-04-18 11:35:00,3613.4,3617.65,3609.0,3611.5,29807
2024-04-18 11:40:00,3611.5,3614.8,3607.7,3610.0,25803
2024-04-18 11:45:00,3609.9,3612.9,3608.0,3608.0,16660
2024-04-18 11:50:00,3608.9,3609.0,3607.5,3608.0,15755
2024-04-18 11:55:00,3607.95,3608.05,3604.75,3605.0,23904
2024-04-18 12:00:00,3606.85,3613.55,3605.65,3612.5,22635
2024-04-18 12:05:00,3611.25,3613.0,3607.55,3607.55,14123
2024-04-18 12:10:00,3607.5,3611.85,3607.5,3610.0,10732
2024-04-18 12:15:00,3610.0,3614.05,3609.95,3612.15,11556
2024-04-18 12:20:00,3612.9,3615.0,3609.05,3609.45,18063
2024-04-18 12:25:00,3609.15,3609.45,3598.2,3600.0,29089
2024-04-18 12:30:00,3600.5,3602.85,3598.2,3599.95,16272
2024-04-18 12:35:00,3599.95,3601.4,3595.2,3600.0,21969
2024-04-18 12:40:00,3600.0,3602.25,3596.75,3599.5,31597
2024-04-18 12:45:00,3599.5,3601.3,3596.05,3596.15,48257
2024-04-18 12:50:00,3596.15,3596.6,3585.15,3589.0,56047
2024-04-18 12:55:00,3588.85,3600.0,3587.15,3593.65,35948
2024-04-18 13:00:00,3593.7,3595.2,3588.15,3589.0,67239
2024-04-18 13:05:00,3589.2,3595.35,3588.1,3591.3,28914
2024-04-18 13:10:00,3591.3,3594.0,3590.0,3591.05,33763
2024-04-18 13:15:00,3591.15,3593.5,3589.15,3591.3,26712
2024-04-18 13:20:00,3591.4,3591.95,3589.85,3590.0,24402
2024-04-18 13:25:00,3590.05,3590.2,3539.7,3553.2,240162
2024-04-18 13:30:00,3554.5,3577.9,3547.15,3574.95,103978
2024-04-18 13:35:00,3573.0,3577.0,3550.1,3564.0,92999
2024-04-18 13:40:00,3566.45,3569.65,3550.05,3550.1,52290
2024-04-18 13:45:00,3550.55,3558.7,3549.7,3558.2,24485
2024-04-18 13:50:00,3558.2,3560.0,3552.65,3557.6,20394
2024-04-18 13:55:00,3557.5,3563.0,3555.0,3557.5,26237
2024-04-18 14:00:00,3557.0,3565.55,3556.0,3564.85,23041
2024-04-18 14:05:00,3564.85,3564.85,3557.25,3562.45,21581
2024-04-18 14:10:00,3561.85,3565.0,3561.85,3564.15,16852
2024-04-18 14:15:00,3563.55,3570.3,3562.2,3566.05,57238
2024-04-18 14:20:00,3565.95,3568.15,3554.9,3558.2,21551
2024-04-18 14:25:00,3558.65,3561.6,3556.0,3557.35,19562
2024-04-18 14:30:00,3558.0,3560.2,3552.1,3553.05,22569
2024-04-18 14:35:00,3552.15,3558.0,3550.0,3555.6,21134
2024-04-18 14:40:00,3554.95,3561.75,3553.5,3553.95,30988
2024-04-18 14:45:00,3554.0,3556.0,3545.2,3547.55,36220
2024-04-18 14:50:00,3548.6,3554.25,3546.1,3548.6,26994
2024-04-18 14:55:00,3549.25,3552.0,3543.75,3548.45,69172
2024-04-18 15:00:00,3548.35,3554.85,3543.3,3547.2,138659
2024-04-18 15:05:00,3548.1,3550.1,3540.5,3540.5,110992
2024-04-18 15:10:00,3542.7,3554.75,3542.2,3550.05,89571
2024-04-18 15:15:00,3550.05,3557.4,3549.0,3557.15,74813
2024-04-18 15:20:00,3555.45,3559.8,3551.85,3558.8,97257
2024-04-18 15:25:00,3558.8,3561.8,3551.0,3554.0,65057
2024-04-19 09:15:00,3525.0,3530.0,3480.0,3488.95,187721
2024-04-19 09:20:00,3487.85,3492.0,3472.4,3491.55,83484
2024-04-19 09:25:00,3492.0,3495.0,3482.2,3494.2,59057
2024-04-19 09:30:00,3494.2,3508.4,3489.0,3506.0,41258
2024-04-19 09:35:00,3506.3,3509.0,3496.5,3507.0,35720
2024-04-19 09:40:00,3508.6,3508.7,3497.2,3500.2,72335
2024-04-19 09:45:00,3500.15,3504.6,3494.9,3499.65,19923
2024-04-19 09:50:00,3499.7,3500.0,3493.0,3493.0,16287
2024-04-19 09:55:00,3494.0,3500.95,3492.9,3497.65,16433
2024-04-19 10:00:00,3495.4,3504.0,3495.0,3500.0,36031
2024-04-19 10:05:00,3499.45,3503.2,3495.0,3497.75,21655
2024-04-19 10:10:00,3496.4,3501.0,3495.2,3500.0,14505
2024-04-19 10:15:00,3499.0,3501.25,3495.0,3500.0,47485
2024-04-19 10:20:00,3498.95,3500.3,3491.15,3494.35,10345
2024-04-19 10:25:00,3494.7,3497.9,3487.0,3487.0,18350
2024-04-19 10:30:00,3487.95,3502.0,3487.95,3495.3,59533
2024-04-19 10:35:00,3495.3,3498.85,3491.6,3496.5,13280
2024-04-19 10:40:00,3497.65,3500.5,3494.0,3500.5,49764
2024-04-19 10:45:00,3500.65,3502.0,3494.05,3496.7,15225
2024-04-19 10:50:00,3496.7,3496.9,3488.5,3492.8,14956
2024-04-19 10:55:00,3492.8,3497.45,3487.9,3489.0,20898
2024-04-19 11:00:00,3489.2,3492.0,3483.0,3483.65,37535
2024-04-19 11:05:00,3483.55,3488.6,3482.95,3487.0,27086
2024-04-19 11:10:00,3488.15,3493.3,3487.0,3490.0,16475
2024-04-19 11:15:00,3490.0,3496.05,3490.0,3492.95,14573
2024-04-19 11:20:00,3492.75,3494.5,3490.0,3490.0,10355
2024-04-19 11:25:00,3490.45,3502.0,3488.6,3498.4,17580
2024-04-19 11:30:00,3499.9,3500.5,3497.5,3497.5,8221
2024-04-19 11:35:00,3497.5,3502.0,3497.0,3500.05,7553
2024-04-19 11:40:00,3500.0,3505.65,3500.0,3504.75,32647
2024-04-19 11:45:00,3503.15,3506.0,3500.3,3501.2,31648
2024-04-19 11:50:00,3501.7,3502.5,3492.05,3495.1,19329
2024-04-19 11:55:00,3494.75,3496.5,3491.05,3495.1,9484
2024-04-19 12:00:00,3496.0,3502.0,3495.4,3498.25,9183
2024-04-19 12:05:00,3498.25,3500.0,3495.15,3498.15,7180
2024-04-19 12:10:00,3498.15,3502.0,3495.25,3500.55,8784
2024-04-19 12:15:00,3500.55,3504.55,3499.75,3501.15,45137
2024-04-19 12:20:00,3499.8,3511.2,3499.65,3509.9,45043
2024-04-19 12:25:00,3510.0,3512.0,3509.0,3510.75,18090
2024-04-19 12:30:00,3510.2,3513.8,3509.0,3511.5,26505
2024-04-19 12:35:00,3511.5,3519.95,3510.1,3518.95,21252
2024-04-19 12:40:00,3518.2,3521.7,3515.0,3520.15,27297
2024-04-19 12:45:00,3520.0,3520.1,3518.0,3518.5,30753
2024-04-19 12:50:00,3518.35,3524.95,3516.2,3516.3,36900
2024-04-19 12:55:00,3516.0,3521.85,3513.4,3513.85,19537
2024-04-19 13:00:00,3513.85,3515.95,3510.0,3512.85,15950
2024-04-19 13:05:00,3512.85,3516.6,3510.0,3511.9,17291
2024-04-19 13:10:00,3511.9,3514.15,3509.0,3510.0,17180
2024-04-19 13:15:00,3509.1,3511.65,3506.75,3507.2,14419
2024-04-19 13:20:00,3507.15,3517.45,3505.75,3515.85,22858
2024-04-19 13:25:00,3516.0,3516.0,3509.55,3510.0,18842
2024-04-19 13:30:00,3510.0,3514.0,3507.9,3510.05,32980
2024-04-19 13:35:00,3510.05,3511.7,3508.0,3511.25,39419
2024-04-19 13:40:00,3510.05,3511.75,3501.0,3503.95,53318
2024-04-19 13:45:00,3503.35,3513.8,3502.5,3511.95,31174
2024-04-19 13:50:00,3511.1,3523.9,3510.15,3522.0,50715
2024-04-19 13:55:00,3521.5,3529.95,3520.05,3529.5,30956
2024-04-19 14:00:00,3529.45,3536.65,3528.15,3531.7,58461
2024-04-19 14:05:00,3531.2,3542.9,3531.2,3537.9,46849
2024-04-19 14:10:00,3537.8,3542.9,3535.0,3536.15,37025
2024-04-19 14:15:00,3537.95,3538.1,3530.0,3533.25,30757
2024-04-19 14:20:00,3533.9,3534.85,3515.8,3520.8,40124
2024-04-19 14:25:00,3521.65,3532.35,3519.9,3531.25,59750
2024-04-19 14:30:00,3529.7,3531.05,3521.0,3522.55,50227
2024-04-19 14:35:00,3522.9,3528.6,3517.0,3521.2,30153
2024-04-19 14:40:00,3521.2,3527.9,3517.8,3518.8,27223
2024-04-19 14:45:00,3517.4,3529.0,3516.4,3522.75,35016
2024-04-19 14:50:00,3522.75,3528.95,3520.05,3522.4,36982
2024-04-19 14:55:00,3523.2,3523.35,3515.0,3516.25,45987
2024-04-19 15:00:00,3516.25,3522.95,3513.3,3517.3,125236
2024-04-19 15:05:00,3517.25,3528.2,3511.35,3527.85,96653
2024-04-19 15:10:00,3527.7,3529.95,3517.25,3520.95,106102
2024-04-19 15:15:00,3520.95,3524.7,3515.4,3515.55,81374
2024-04-19 15:20:00,3515.4,3521.0,3515.0,3516.7,61691
2024-04-19 15:25:00,3516.55,3518.65,3509.25,3512.9,61513
2024-04-22 09:15:00,3568.75,3574.95,3540.95,3562.8,188776
2024-04-22 09:20:00,3562.8,3588.45,3559.65,3580.45,124132
2024-04-22 09:25:00,3579.3,3585.9,3557.1,3569.85,66434
2024-04-22 09:30:00,3570.45,3577.8,3561.8,3572.0,35868
2024-04-22 09:35:00,3572.0,3584.9,3572.0,3578.75,37444
2024-04-22 09:40:00,3578.95,3579.35,3558.0,3560.45,37327
2024-04-22 09:45:00,3560.45,3563.0,3553.95,3556.65,35357
2024-04-22 09:50:00,3556.65,3570.9,3556.65,3558.15,29638
2024-04-22 09:55:00,3558.3,3563.15,3552.3,3553.75,28307
2024-04-22 10:00:00,3554.05,3563.7,3553.25,3562.9,30947
2024-04-22 10:05:00,3563.3,3568.8,3560.0,3566.65,21923
2024-04-22 10:10:00,3567.0,3577.65,3564.1,3576.9,25198
2024-04-22 10:15:00,3576.9,3582.0,3572.9,3578.8,78254
2024-04-22 10:20:00,3578.05,3589.3,3572.8,3573.9,31394
2024-04-22 10:25:00,3574.95,3582.0,3571.7,3580.35,24515
2024-04-22 10:30:00,3580.35,3585.7,3573.0,3573.55,21411
2024-04-22 10:35:00,3573.4,3578.55,3571.1,3575.45,33437
2024-04-22 10:40:00,3577.05,3583.65,3573.9,3580.4,14294
2024-04-22 10:45:00,3581.5,3582.0,3578.0,3582.0,10421
2024-04-22 10:50:00,3582.0,3586.45,3579.3,3584.35,28653
2024-04-22 10:55:00,3584.4,3593.85,3583.3,3593.0,69271
2024-04-22 11:00:00,3593.0,3595.0,3588.0,3593.4,35826
2024-04-22 11:05:00,3593.0,3593.0,3587.25,3589.7,22565
2024-04-22 11:10:00,3589.7,3591.15,3588.8,3590.0,7909
2024-04-22 11:15:00,3590.0,3590.05,3585.0,3585.2,133106
2024-04-22 11:20:00,3586.35,3586.5,3577.05,3581.95,58404
2024-04-22 11:25:00,3581.95,3586.25,3580.6,3584.1,17242
2024-04-22 11:30:00,3582.8,3588.05,3582.0,3586.55,11870
2024-04-22 11:35:00,3586.55,3592.0,3585.4,3590.85,14772
2024-04-22 11:40:00,3592.0,3596.95,3590.85,3593.0,24417
2024-04-22 11:45:00,3593.0,3595.3,3591.5,3593.35,16528
2024-04-22 11:50:00,3593.35,3596.15,3592.5,3593.0,13452
2024-04-22 11:55:00,3593.8,3594.2,3591.5,3593.75,11095
2024-04-22 12:00:00,3593.75,3595.0,3591.7,3594.0,9607
2024-04-22 12:05:00,3594.95,3595.0,3591.0,3591.9,13081
2024-04-22 12:10:00,3591.9,3591.95,3583.7,3587.0,21146
2024-04-22 12:15:00,3588.35,3594.3,3586.5,3593.95,16450
2024-04-22 12:20:00,3594.0,3594.0,3590.0,3592.05,13460
2024-04-22 12:25:00,3592.4,3592.4,3585.75,3590.05,36201
2024-04-22 12:30:00,3590.7,3597.95,3590.0,3596.0,23005
2024-04-22 12:35:00,3596.0,3597.0,3593.0,3596.65,14261
2024-04-22 12:40:00,3596.65,3601.5,3594.65,3600.05,82675
2024-04-22 12:45:00,3600.05,3602.6,3599.45,3602.0,33411
2024-04-22 12:50:00,3602.15,3604.7,3599.45,3600.0,36429
2024-04-22 12:55:00,3601.0,3601.0,3597.0,3600.0,59504
2024-04-22 13:00:00,3600.0,3600.45,3590.0,3595.25,42669
2024-04-22 13:05:00,3596.5,3598.0,3585.1,3585.35,35076
2024-04-22 13:10:00,3585.35,3594.2,3582.4,3591.25,46916
2024-04-22 13:15:00,3591.35,3594.9,3584.15,3588.0,37528
2024-04-22 13:20:00,3588.05,3589.15,3584.45,3586.55,21325
2024-04-22 13:25:00,3586.55,3586.85,3580.05,3585.05,20071
2024-04-22 13:30:00,3585.05,3589.5,3584.0,3586.15,12412
2024-04-22 13:35:00,3586.15,3589.9,3584.15,3586.1,13777
2024-04-22 13:40:00,3586.1,3589.8,3585.4,3588.2,10785
2024-04-22 13:45:00,3588.2,3595.4,3587.8,3595.05,14880
2024-04-22 13:50:00,3595.5,3596.0,3592.65,3595.4,16846
2024-04-22 13:55:00,3596.0,3596.0,3591.5,3592.95,99140
2024-04-22 14:00:00,3592.95,3594.0,3590.0,3593.05,14418
2024-04-22 14:05:00,3593.05,3595.0,3589.95,3594.05,15614
2024-04-22 14:10:00,3594.85,3594.85,3590.3,3593.05,10023
2024-04-22 14:15:00,3593.05,3595.0,3592.5,3594.9,10387
2024-04-22 14:20:00,3595.0,3601.0,3594.8,3600.05,71095
2024-04-22 14:25:00,3601.0,3601.1,3597.0,3598.95,24630
2024-04-22 14:30:00,3598.95,3599.8,3595.2,3597.1,19225
2024-04-22 14:35:00,3596.85,3599.95,3596.7,3599.7,13819
2024-04-22 14:40:00,3599.7,3603.8,3599.0,3602.35,20202
2024-04-22 14:45:00,3602.35,3605.0,3601.0,3603.55,21892
2024-04-22 14:50:00,3603.55,3605.5,3602.0,3605.0,23335
2024-04-22 14:55:00,3604.95,3607.85,3602.4,3607.45,23066
2024-04-22 15:00:00,3607.4,3610.75,3605.1,3606.25,44710
2024-04-22 15:05:00,3606.3,3611.15,3606.1,3610.8,32083
2024-04-22 15:10:00,3610.75,3614.95,3609.35,3614.05,38638
2024-04-22 15:15:00,3614.0,3615.0,3611.0,3614.95,52095
2024-04-22 15:20:00,3614.9,3616.0,3613.35,3615.95,50375
2024-04-22 15:25:00,3615.9,3620.0,3614.75,3620.0,49109
2024-04-23 09:15:00,3632.75,3632.75,3615.55,3616.0,121632
2024-04-23 09:20:00,3616.0,3619.0,3606.9,3611.2,63936
2024-04-23 09:25:00,3611.55,3612.1,3597.0,3597.0,40476
2024-04-23 09:30:00,3597.0,3606.2,3596.0,3601.45,35184
2024-04-23 09:35:00,3603.0,3604.0,3591.05,3591.3,27819
2024-04-23 09:40:00,3591.15,3603.95,3591.0,3602.55,15232
2024-04-23 09:45:00,3602.0,3602.6,3596.0,3596.95,17722
2024-04-23 09:50:00,3596.05,3597.5,3593.0,3593.95,10757
2024-04-23 09:55:00,3594.2,3595.95,3591.1,3591.7,10711
2024-04-23 10:00:00,3592.05,3599.5,3588.0,3599.0,20530
2024-04-23 10:05:00,3599.0,3608.5,3598.0,3602.95,17726
2024-04-23 10:10:00,3603.1,3604.0,3598.0,3603.7,8816
2024-04-23 10:15:00,3603.7,3603.9,3594.15,3594.15,11862
2024-04-23 10:20:00,3594.85,3602.0,3594.0,3600.0,10429
2024-04-23 10:25:00,3600.3,3602.0,3598.0,3598.95,6938
2024-04-23 10:30:00,3598.95,3599.75,3594.25,3594.75,7741
2024-04-23 10:35:00,3594.6,3597.0,3593.0,3596.95,7727
2024-04-23 10:40:00,3596.0,3597.15,3593.0,3594.5,10290
2024-04-23 10:45:00,3594.5,3594.5,3588.55,3590.35,15661
2024-04-23 10:50:00,3590.35,3592.7,3589.05,3592.5,8411
2024-04-23 10:55:00,3592.5,3592.7,3590.0,3590.45,8305
2024-04-23 11:00:00,3590.45,3594.5,3590.05,3593.7,8113
2024-04-23 11:05:00,3593.7,3599.55,3593.1,3598.9,16026
2024-04-23 11:10:00,3598.85,3600.0,3597.7,3599.9,17023
2024-04-23 11:15:00,3599.9,3607.0,3599.55,3606.0,18883
2024-04-23 11:20:00,3606.0,3608.0,3605.0,3605.6,16439
2024-04-23 11:25:00,3605.6,3606.45,3599.0,3599.65,21858
2024-04-23 11:30:00,3599.65,3600.0,3595.0,3595.45,16878
2024-04-23 11:35:00,3595.5,3601.95,3594.5,3599.5,17995
2024-04-23 11:40:00,3599.5,3599.5,3591.65,3595.05,25151
2024-04-23 11:45:00,3596.25,3596.4,3593.1,3593.2,7212
2024-04-23 11:50:00,3593.15,3597.0,3593.05,3597.0,11017
2024-04-23 11:55:00,3596.95,3598.75,3596.0,3597.95,5131
2024-04-23 12:00:00,3598.0,3601.95,3596.95,3600.0,6294
2024-04-23 12:05:00,3599.1,3600.95,3596.6,3600.3,6323
2024-04-23 12:10:00,3600.25,3602.65,3598.0,3601.3,7127
2024-04-23 12:15:00,3601.65,3602.8,3597.4,3598.05,7762
2024-04-23 12:20:00,3598.85,3601.15,3598.0,3598.05,9124
2024-04-23 12:25:00,3598.0,3599.4,3596.05,3597.45,6459
2024-04-23 12:30:00,3597.4,3599.4,3596.0,3596.8,7911
2024-04-23 12:35:00,3598.15,3601.0,3596.35,3600.5,6907
2024-04-23 12:40:00,3601.0,3601.0,3597.0,3597.85,4454
2024-04-23 12:45:00,3597.0,3599.7,3596.0,3599.7,8954
2024-04-23 12:50:00,3599.7,3604.7,3599.0,3604.7,13602
2024-04-23 12:55:00,3604.9,3605.0,3600.85,3600.85,8091
2024-04-23 13:00:00,3600.55,3601.3,3599.0,3599.65,7880
2024-04-23 13:05:00,3599.65,3599.65,3595.5,3595.9,23409
2024-04-23 13:10:00,3595.5,3596.0,3590.15,3592.3,19295
2024-04-23 13:15:00,3592.0,3593.85,3590.0,3590.65,9289
2024-04-23 13:20:00,3590.65,3596.0,3590.05,3594.0,8980
2024-04-23 13:25:00,3594.0,3594.75,3591.65,3592.35,13340
2024-04-23 13:30:00,3592.35,3594.3,3592.0,3593.6,7154
2024-04-23 13:35:00,3593.6,3598.45,3593.1,3596.0,14970
2024-04-23 13:40:00,3596.2,3597.1,3593.15,3594.0,7378
2024-04-23 13:45:00,3594.0,3595.45,3590.75,3595.0,10992
2024-04-23 13:50:00,3595.0,3595.5,3592.55,3593.3,6997
2024-04-23 13:55:00,3593.25,3595.95,3593.0,3594.9,10776
2024-04-23 14:00:00,3594.9,3599.0,3593.35,3598.45,10375
2024-04-23 14:05:00,3598.95,3599.7,3593.0,3595.0,15455
2024-04-23 14:10:00,3595.0,3597.2,3593.5,3595.45,10073
2024-04-23 14:15:00,3595.45,3599.0,3595.3,3597.1,10692
2024-04-23 14:20:00,3596.85,3597.5,3595.0,3596.35,11523
2024-04-23 14:25:00,3595.25,3602.0,3593.6,3601.95,16534
2024-04-23 14:30:00,3602.0,3608.7,3601.95,3608.35,32061
2024-04-23 14:35:00,3608.35,3610.0,3604.35,3604.35,19069
2024-04-23 14:40:00,3605.4,3606.15,3602.0,3606.15,18658
2024-04-23 14:45:00,3606.1,3607.3,3603.15,3604.8,14590
2024-04-23 14:50:00,3604.45,3610.0,3604.45,3609.4,20011
2024-04-23 14:55:00,3608.35,3615.95,3608.0,3615.9,31545
2024-04-23 15:00:00,3615.85,3619.0,3609.05,3615.35,65030
2024-04-23 15:05:00,3615.5,3617.15,3607.0,3608.0,53417
2024-04-23 15:10:00,3608.0,3611.7,3606.45,3610.45,49654
2024-04-23 15:15:00,3610.5,3611.45,3605.9,3609.35,43275
2024-04-23 15:20:00,3609.6,3609.75,3605.0,3608.05,56655
2024-04-23 15:25:00,3608.05,3612.0,3600.0,3609.0,62826
2024-04-24 09:15:00,3616.55,3627.9,3616.0,3620.45,46477
2024-04-24 09:20:00,3621.45,3623.45,3616.3,3619.15,18784
2024-04-24 09:25:00,3618.95,3625.85,3616.55,3616.55,17648
2024-04-24 09:30:00,3617.35,3619.5,3614.2,3614.3,18187
2024-04-24 09:35:00,3614.9,3614.9,3606.7,3607.0,13492
2024-04-24 09:40:00,3607.0,3613.25,3607.0,3608.6,12292
2024-04-24 09:45:00,3608.6,3609.5,3601.1,3609.0,11148
2024-04-24 09:50:00,3609.0,3611.85,3608.5,3609.05,14323
2024-04-24 09:55:00,3609.05,3609.3,3605.0,3605.85,12734
2024-04-24 10:00:00,3605.85,3612.85,3605.3,3612.85,10482
2024-04-24 10:05:00,3612.9,3621.65,3612.45,3617.7,21942
2024-04-24 10:10:00,3617.7,3622.0,3616.0,3617.7,13692
2024-04-24 10:15:00,3618.35,3623.3,3615.0,3620.0,19745
2024-04-24 10:20:00,3620.9,3622.5,3620.05,3621.95,14630
2024-04-24 10:25:00,3621.95,3626.35,3621.0,3626.05,18425
2024-04-24 10:30:00,3626.05,3634.4,3625.8,3632.3,28367
2024-04-24 10:35:00,3632.3,3636.0,3629.0,3629.5,18669
2024-04-24 10:40:00,3629.5,3633.0,3628.0,3631.85,14252
2024-04-24 10:45:00,3632.65,3640.0,3632.1,3636.9,22798
2024-04-24 10:50:00,3637.95,3643.9,3636.0,3641.4,32228
2024-04-24 10:55:00,3641.4,3641.4,3638.35,3640.7,17877
2024-04-24 11:00:00,3640.35,3640.7,3632.4,3637.35,23544
2024-04-24 11:05:00,3637.45,3638.7,3635.0,3635.1,15549
2024-04-24 11:10:00,3635.05,3636.6,3628.2,3631.35,30637
2024-04-24 11:15:00,3630.9,3631.35,3629.75,3630.1,21040
2024-04-24 11:20:00,3630.0,3630.95,3628.0,3628.3,19759
2024-04-24 11:25:00,3628.3,3631.0,3628.0,3630.0,12626
2024-04-24 11:30:00,3631.0,3635.25,3630.8,3634.05,10946
2024-04-24 11:35:00,3634.05,3634.05,3631.35,3632.4,5577
2024-04-24 11:40:00,3632.4,3632.95,3630.0,3630.0,7972
2024-04-24 11:45:00,3630.05,3632.6,3628.55,3631.8,9235
2024-04-24 11:50:00,3631.8,3634.8,3630.1,3632.15,7795
2024-04-24 11:55:00,3632.25,3641.0,3631.9,3639.95,18932
2024-04-24 12:00:00,3639.75,3641.25,3638.05,3641.05,12489
2024-04-24 12:05:00,3641.05,3643.55,3640.0,3641.75,13116
2024-04-24 12:10:00,3641.75,3641.75,3639.5,3640.05,24676
2024-04-24 12:15:00,3640.05,3640.8,3634.65,3636.7,23278
2024-04-24 12:20:00,3636.7,3639.95,3635.8,3639.4,18519
2024-04-24 12:25:00,3639.4,3648.0,3639.35,3645.7,33006
2024-04-24 12:30:00,3645.75,3647.2,3642.95,3647.15,24539
2024-04-24 12:35:00,3647.1,3649.9,3646.0,3649.8,19732
2024-04-24 12:40:00,3649.8,3651.95,3645.0,3650.05,34565
2024-04-24 12:45:00,3650.05,3652.95,3649.5,3652.75,27759
2024-04-24 12:50:00,3652.75,3654.85,3651.6,3653.0,26571
2024-04-24 12:55:00,3653.0,3654.95,3650.95,3651.8,24989
2024-04-24 13:00:00,3651.8,3654.95,3650.85,3653.15,21289
2024-04-24 13:05:00,3652.05,3653.3,3650.0,3652.7,14341
2024-04-24 13:10:00,3652.7,3653.9,3648.0,3652.8,39023
2024-04-24 13:15:00,3652.8,3653.6,3650.3,3652.0,13322
2024-04-24 13:20:00,3652.35,3652.95,3647.45,3649.85,22776
2024-04-24 13:25:00,3649.85,3650.75,3642.4,3642.85,18341
2024-04-24 13:30:00,3642.35,3643.35,3638.0,3642.65,28232
2024-04-24 13:35:00,3642.6,3642.7,3637.35,3642.7,12433
2024-04-24 13:40:00,3642.6,3643.2,3640.35,3642.25,6906
2024-04-24 13:45:00,3642.25,3645.0,3640.45,3644.85,8798
2024-04-24 13:50:00,3644.9,3649.35,3644.9,3647.55,14430
2024-04-24 13:55:00,3647.4,3649.8,3645.0,3646.3,15017
2024-04-24 14:00:00,3646.3,3648.35,3645.7,3647.8,11328
2024-04-24 14:05:00,3647.85,3648.25,3643.0,3645.3,15262
2024-04-24 14:10:00,3645.35,3651.6,3642.85,3650.55,15934
2024-04-24 14:15:00,3650.0,3652.25,3650.0,3651.15,12780
2024-04-24 14:20:00,3651.1,3652.7,3647.7,3648.0,22768
2024-04-24 14:25:00,3647.95,3648.35,3646.0,3647.15,12426
2024-04-24 14:30:00,3647.1,3648.35,3636.85,3640.9,39382
2024-04-24 14:35:00,3640.7,3641.75,3636.15,3637.25,26456
2024-04-24 14:40:00,3636.55,3640.0,3635.9,3639.1,11941
2024-04-24 14:45:00,3638.75,3640.05,3637.0,3639.85,14097
2024-04-24 14:50:00,3639.85,3640.15,3636.65,3637.75,13331
2024-04-24 14:55:00,3637.7,3638.0,3635.2,3636.5,13960
2024-04-24 15:00:00,3636.5,3637.35,3633.35,3635.65,51989
2024-04-24 15:05:00,3635.65,3635.65,3630.0,3630.85,33935
2024-04-24 15:10:00,3630.85,3633.45,3630.25,3633.15,27733
2024-04-24 15:15:00,3633.2,3637.55,3631.15,3637.2,27697
2024-04-24 15:20:00,3637.15,3640.0,3636.05,3638.35,28832
2024-04-24 15:25:00,3638.2,3640.05,3634.05,3638.55,41356
2024-04-25 09:15:00,3616.1,3633.0,3613.2,3619.55,92839
2024-04-25 09:20:00,3618.0,3619.7,3611.6,3615.5,18379
2024-04-25 09:25:00,3614.05,3620.0,3613.0,3618.6,11306
2024-04-25 09:30:00,3620.0,3626.9,3618.7,3622.7,19449
2024-04-25 09:35:00,3622.15,3631.4,3622.15,3630.7,20529
2024-04-25 09:40:00,3631.25,3634.65,3630.25,3633.0,13915
2024-04-25 09:45:00,3632.4,3645.0,3631.65,3643.3,21802
2024-04-25 09:50:00,3642.6,3644.55,3638.0,3642.15,27921
2024-04-25 09:55:00,3641.55,3649.0,3641.2,3647.95,26196
2024-04-25 10:00:00,3647.5,3653.0,3647.45,3650.15,29164
2024-04-25 10:05:00,3649.45,3651.95,3647.05,3650.6,23475
2024-04-25 10:10:00,3650.6,3661.0,3649.2,3660.85,53561
2024-04-25 10:15:00,3659.95,3660.85,3650.2,3657.65,39835
2024-04-25 10:20:00,3657.9,3660.0,3654.1,3656.8,34692
2024-04-25 10:25:00,3657.0,3657.55,3647.6,3655.3,29575
2024-04-25 10:30:00,3655.35,3658.4,3652.15,3657.7,24625
2024-04-25 10:35:00,3658.45,3658.8,3651.35,3656.05,23408
2024-04-25 10:40:00,3656.0,3658.45,3650.0,3652.4,20243
2024-04-25 10:45:00,3652.5,3656.4,3642.5,3644.35,33294
2024-04-25 10:50:00,3644.35,3646.4,3622.05,3627.0,84089
2024-04-25 10:55:00,3626.55,3641.45,3623.3,3640.4,45253
2024-04-25 11:00:00,3638.95,3646.75,3635.5,3646.55,38561
2024-04-25 11:05:00,3646.55,3657.15,3644.7,3657.15,32403
2024-04-25 11:10:00,3657.15,3659.0,3651.1,3658.25,23291
2024-04-25 11:15:00,3658.5,3658.5,3650.0,3651.5,24771
2024-04-25 11:20:00,3651.5,3651.65,3639.65,3645.7,34495
2024-04-25 11:25:00,3645.75,3652.4,3643.8,3652.0,10801
2024-04-25 11:30:00,3652.0,3654.0,3649.5,3649.8,15155
2024-04-25 11:35:00,3649.8,3653.65,3648.3,3650.95,10449
2024-04-25 11:40:00,3650.95,3653.0,3647.5,3651.75,18271
2024-04-25 11:45:00,3651.3,3651.55,3644.0,3646.7,7802
2024-04-25 11:50:00,3645.4,3652.8,3643.0,3652.8,12003
2024-04-25 11:55:00,3652.8,3653.0,3645.5,3648.5,18115
2024-04-25 12:00:00,3649.1,3650.0,3644.35,3646.95,10354
2024-04-25 12:05:00,3646.95,3649.45,3645.0,3648.7,5112
2024-04-25 12:10:00,3648.5,3648.65,3640.65,3643.8,13194
2024-04-25 12:15:00,3643.55,3643.95,3640.0,3642.4,12884
2024-04-25 12:20:00,3642.4,3642.75,3636.0,3637.9,10355
2024-04-25 12:25:00,3638.05,3641.95,3633.05,3639.65,13850
2024-04-25 12:30:00,3639.65,3640.25,3634.05,3635.45,10415
2024-04-25 12:35:00,3634.75,3636.95,3633.0,3633.0,9341
2024-04-25 12:40:00,3633.7,3634.35,3630.0,3630.45,7603
2024-04-25 12:45:00,3630.45,3630.65,3628.2,3629.55,5669
2024-04-25 12:50:00,3629.6,3638.4,3629.0,3630.85,9164
2024-04-25 12:55:00,3630.85,3642.5,3627.1,3636.65,25948
2024-04-25 13:00:00,3636.05,3648.85,3635.0,3644.85,30791
2024-04-25 13:05:00,3645.75,3645.95,3634.85,3638.0,21597
2024-04-25 13:10:00,3638.15,3639.95,3635.15,3637.3,12328
2024-04-25 13:15:00,3638.15,3646.55,3635.5,3642.2,13581
2024-04-25 13:20:00,3641.1,3644.75,3635.35,3637.3,22394
2024-04-25 13:25:00,3637.3,3641.9,3635.3,3636.95,27471
2024-04-25 13:30:00,3636.9,3639.35,3630.0,3632.1,45575
2024-04-25 13:35:00,3631.8,3642.65,3630.3,3637.8,32897
2024-04-25 13:40:00,3637.45,3641.9,3633.25,3641.9,14925
2024-04-25 13:45:00,3641.9,3653.0,3638.95,3652.1,29908
2024-04-25 13:50:00,3652.05,3654.1,3644.0,3645.45,20421
2024-04-25 13:55:00,3645.05,3645.85,3641.15,3643.15,10214
2024-04-25 14:00:00,3643.15,3649.5,3637.25,3649.25,18724
2024-04-25 14:05:00,3649.25,3661.0,3647.3,3656.05,50691
2024-04-25 14:10:00,3656.6,3663.0,3655.6,3659.95,22383
2024-04-25 14:15:00,3660.4,3661.0,3652.65,3654.8,14245
2024-04-25 14:20:00,3654.8,3662.0,3653.2,3660.9,16619
2024-04-25 14:25:00,3661.05,3663.0,3658.0,3659.95,18438
2024-04-25 14:30:00,3659.95,3664.95,3653.25,3664.9,33506
2024-04-25 14:35:00,3664.95,3666.0,3655.45,3656.55,24985
2024-04-25 14:40:00,3656.55,3658.0,3648.0,3655.75,27099
2024-04-25 14:45:00,3655.75,3657.0,3649.3,3654.4,26653
2024-04-25 14:50:00,3654.25,3655.45,3648.35,3651.0,26744
2024-04-25 14:55:00,3651.95,3656.45,3648.0,3651.0,27896
2024-04-25 15:00:00,3651.0,3652.2,3648.2,3649.15,102783
2024-04-25 15:05:00,3649.15,3654.8,3647.8,3652.0,133239
2024-04-25 15:10:00,3652.25,3660.0,3651.0,3654.5,166555
2024-04-25 15:15:00,3654.5,3657.7,3652.35,3652.45,147461
2024-04-25 15:20:00,3652.6,3654.9,3650.95,3651.0,131055
2024-04-25 15:25:00,3651.15,3652.65,3642.0,3642.0,74647
2024-04-26 09:15:00,3652.0,3660.9,3645.45,3649.6,38726
2024-04-26 09:20:00,3649.55,3649.55,3640.0,3642.5,22190
2024-04-26 09:25:00,3643.2,3656.8,3637.05,3649.55,27834
2024-04-26 09:30:00,3648.2,3651.45,3640.0,3640.95,15295
2024-04-26 09:35:00,3640.95,3645.0,3640.0,3644.0,20112
2024-04-26 09:40:00,3644.7,3645.0,3639.4,3644.45,21503
2024-04-26 09:45:00,3644.65,3646.05,3638.3,3638.3,20431
2024-04-26 09:50:00,3638.05,3638.95,3631.25,3635.45,24401
2024-04-26 09:55:00,3635.7,3639.3,3632.4,3632.9,18917
2024-04-26 10:00:00,3633.5,3634.0,3624.8,3625.95,33246
2024-04-26 10:05:00,3625.95,3627.25,3618.0,3621.25,33548
2024-04-26 10:10:00,3621.2,3625.0,3618.1,3620.0,21069
2024-04-26 10:15:00,3620.0,3627.95,3616.9,3618.55,32865
2024-04-26 10:20:00,3618.55,3620.0,3616.0,3617.2,16370
2024-04-26 10:25:00,3618.25,3618.65,3612.65,3617.7,23680
2024-04-26 10:30:00,3617.7,3625.95,3616.9,3624.8,32436
2024-04-26 10:35:00,3624.75,3628.0,3622.6,3627.55,26584
2024-04-26 10:40:00,3628.0,3628.95,3623.0,3623.0,9280
2024-04-26 10:45:00,3623.25,3628.0,3621.9,3626.0,25386
2024-04-26 10:50:00,3626.0,3633.25,3624.65,3633.25,26797
2024-04-26 10:55:00,3633.0,3633.25,3628.6,3630.1,16563
2024-04-26 11:00:00,3630.25,3631.7,3626.0,3626.95,21882
2024-04-26 11:05:00,3623.6,3625.85,3618.0,3618.9,26077
2024-04-26 11:10:00,3618.9,3620.95,3616.15,3617.75,14200
2024-04-26 11:15:00,3617.75,3622.4,3617.1,3621.45,10358
2024-04-26 11:20:00,3621.45,3622.7,3618.55,3622.5,10691
2024-04-26 11:25:00,3622.5,3626.0,3621.55,3626.0,8353
2024-04-26 11:30:00,3625.9,3631.3,3625.0,3630.55,9781
2024-04-26 11:35:00,3630.55,3633.3,3630.0,3633.3,9379
2024-04-26 11:40:00,3633.95,3634.9,3630.0,3634.5,10666
2024-04-26 11:45:00,3634.0,3634.5,3630.0,3632.45,7236
2024-04-26 11:50:00,3631.1,3636.0,3630.0,3631.05,20605
2024-04-26 11:55:00,3630.6,3630.9,3622.0,3624.25,13920
2024-04-26 12:00:00,3624.9,3624.9,3620.25,3621.4,8122
2024-04-26 12:05:00,3621.4,3626.1,3621.2,3625.3,8131
2024-04-26 12:10:00,3625.9,3626.0,3623.5,3623.6,6093
2024-04-26 12:15:00,3623.6,3626.7,3621.15,3622.1,24258
2024-04-26 12:20:00,3622.1,3622.15,3617.65,3620.55,18480
2024-04-26 12:25:00,3620.3,3622.0,3618.3,3620.05,13705
2024-04-26 12:30:00,3620.05,3622.0,3615.65,3619.4,34342
2024-04-26 12:35:00,3619.05,3620.8,3615.3,3617.55,18064
2024-04-26 12:40:00,3617.2,3618.0,3615.05,3616.4,11252
2024-04-26 12:45:00,3616.25,3617.0,3614.0,3614.55,15043
2024-04-26 12:50:00,3614.05,3623.4,3613.05,3621.8,13106
2024-04-26 12:55:00,3621.05,3622.7,3617.55,3620.05,9778
2024-04-26 13:00:00,3620.05,3624.0,3619.3,3622.25,14446
2024-04-26 13:05:00,3622.4,3623.0,3620.0,3621.85,12325
2024-04-26 13:10:00,3622.0,3623.0,3619.5,3620.15,11830
2024-04-26 13:15:00,3620.1,3620.35,3607.25,3609.95,28078
2024-04-26 13:20:00,3609.95,3613.95,3607.5,3610.5,14577
2024-04-26 13:25:00,3610.5,3612.0,3601.0,3603.5,33977
2024-04-26 13:30:00,3603.0,3604.9,3598.95,3602.05,29108
2024-04-26 13:35:00,3602.05,3603.3,3589.05,3589.8,33680
2024-04-26 13:40:00,3589.05,3593.75,3586.4,3587.55,48472
2024-04-26 13:45:00,3588.5,3593.85,3585.0,3586.3,50942
2024-04-26 13:50:00,3585.2,3593.85,3585.0,3589.25,33086
2024-04-26 13:55:00,3588.6,3592.0,3587.05,3591.15,38163
2024-04-26 14:00:00,3589.9,3602.85,3588.3,3600.75,30952
2024-04-26 14:05:00,3600.65,3601.7,3596.4,3598.5,30099
2024-04-26 14:10:00,3598.5,3609.95,3598.5,3608.65,38892
2024-04-26 14:15:00,3608.0,3609.0,3605.0,3607.0,23020
2024-04-26 14:20:00,3606.1,3607.0,3600.35,3603.25,22515
2024-04-26 14:25:00,3603.1,3604.5,3598.55,3602.4,32542
2024-04-26 14:30:00,3603.9,3608.0,3601.15,3606.2,20633
2024-04-26 14:35:00,3606.8,3609.55,3605.05,3608.0,19903
2024-04-26 14:40:00,3607.95,3612.0,3606.25,3610.7,35706
2024-04-26 14:45:00,3612.45,3614.0,3608.45,3613.0,36201
2024-04-26 14:50:00,3613.45,3619.0,3612.15,3616.8,38601
2024-04-26 14:55:00,3616.8,3617.65,3611.5,3615.05,31328
2024-04-26 15:00:00,3613.65,3615.0,3594.0,3597.0,126763
2024-04-26 15:05:00,3597.0,3601.95,3591.8,3600.2,72989
2024-04-26 15:10:00,3600.15,3608.8,3596.6,3607.5,41156
2024-04-26 15:15:00,3607.5,3610.0,3602.2,3609.45,70922
2024-04-26 15:20:00,3609.75,3611.85,3605.05,3608.35,64521
2024-04-26 15:25:00,3608.35,3613.0,3605.0,3608.0,36579
2024-04-29 09:15:00,3606.1,3633.95,3605.2,3627.15,58950
2024-04-29 09:20:00,3625.55,3632.3,3625.55,3632.3,28671
2024-04-29 09:25:00,3632.95,3639.6,3631.5,3635.85,20527
2024-04-29 09:30:00,3636.1,3645.0,3633.65,3638.6,21500
2024-04-29 09:35:00,3638.6,3640.0,3630.2,3632.7,14290
2024-04-29 09:40:00,3631.95,3640.0,3631.95,3632.5,14415
2024-04-29 09:45:00,3633.0,3633.0,3623.7,3630.0,13433
2024-04-29 09:50:00,3630.1,3630.35,3622.4,3628.0,9789
2024-04-29 09:55:00,3628.0,3632.25,3622.55,3624.65,7893
2024-04-29 10:00:00,3624.65,3636.0,3623.1,3635.8,12574
2024-04-29 10:05:00,3635.8,3637.4,3630.8,3632.95,12761
2024-04-29 10:10:00,3633.2,3633.95,3630.0,3632.9,9630
2024-04-29 10:15:00,3632.9,3642.9,3632.9,3640.95,16214
2024-04-29 10:20:00,3640.95,3644.35,3636.0,3637.3,22569
2024-04-29 10:25:00,3637.4,3644.0,3636.15,3640.75,16857
2024-04-29 10:30:00,3640.6,3648.5,3638.5,3646.8,31460
2024-04-29 10:35:00,3648.0,3649.4,3643.95,3646.0,23694
2024-04-29 10:40:00,3645.25,3647.0,3642.65,3645.0,13343
2024-04-29 10:45:00,3645.3,3645.95,3637.3,3639.3,15196
2024-04-29 10:50:00,3639.3,3641.65,3637.55,3641.65,7058
2024-04-29 10:55:00,3640.85,3644.7,3640.2,3644.05,6690
2024-04-29 11:00:00,3644.7,3644.7,3642.55,3644.3,6502
2024-04-29 11:05:00,3644.35,3648.75,3641.95,3647.65,11063
2024-04-29 11:10:00,3648.75,3649.0,3646.2,3648.0,8156
2024-04-29 11:15:00,3647.95,3649.9,3647.3,3647.7,10100
2024-04-29 11:20:00,3647.7,3647.9,3642.3,3643.05,6981
2024-04-29 11:25:00,3643.3,3643.3,3639.1,3640.4,6015
2024-04-29 11:30:00,3640.4,3641.0,3638.05,3641.0,5460
2024-04-29 11:35:00,3640.5,3641.0,3631.3,3636.9,16406
2024-04-29 11:40:00,3636.9,3637.0,3634.1,3636.7,6283
2024-04-29 11:45:00,3636.15,3642.55,3636.15,3640.45,5311
2024-04-29 11:50:00,3639.1,3640.7,3635.0,3636.5,6293
2024-04-29 11:55:00,3637.0,3641.75,3635.7,3640.05,7845
2024-04-29 12:00:00,3640.5,3642.25,3638.6,3641.0,8308
2024-04-29 12:05:00,3640.7,3644.45,3639.0,3641.95,21142
2024-04-29 12:10:00,3641.95,3643.3,3637.05,3638.0,7824
2024-04-29 12:15:00,3637.15,3638.05,3632.2,3635.9,58531
2024-04-29 12:20:00,3635.15,3637.0,3634.1,3636.2,5500
2024-04-29 12:25:00,3636.2,3636.2,3630.15,3631.95,6058
2024-04-29 12:30:00,3633.0,3636.2,3626.0,3632.0,19882
2024-04-29 12:35:00,3631.35,3634.5,3630.0,3633.45,4919
2024-04-29 12:40:00,3633.4,3634.5,3631.2,3633.95,8888
2024-04-29 12:45:00,3633.95,3635.0,3631.3,3635.0,13704
2024-04-29 12:50:00,3635.0,3639.5,3633.9,3638.95,17083
2024-04-29 12:55:00,3638.1,3638.95,3629.05,3631.1,16773
2024-04-29 13:00:00,3631.1,3634.9,3629.35,3631.2,26842
2024-04-29 13:05:00,3631.2,3638.9,3629.0,3637.0,26649
2024-04-29 13:10:00,3637.0,3637.05,3635.45,3636.4,4023
2024-04-29 13:15:00,3636.35,3636.8,3628.6,3635.8,53809
2024-04-29 13:20:00,3635.8,3639.7,3633.5,3634.9,42513
2024-04-29 13:25:00,3634.9,3636.4,3629.4,3631.55,46047
2024-04-29 13:30:00,3631.55,3631.55,3627.3,3628.35,21460
2024-04-29 13:35:00,3629.0,3629.0,3620.45,3624.0,14584
2024-04-29 13:40:00,3623.0,3626.2,3619.0,3625.35,13037
2024-04-29 13:45:00,3626.05,3626.05,3618.85,3620.9,13299
2024-04-29 13:50:00,3621.0,3624.3,3617.15,3618.05,11943
2024-04-29 13:55:00,3618.0,3628.5,3617.75,3628.5,26396
2024-04-29 14:00:00,3628.5,3628.5,3623.85,3623.85,14908
2024-04-29 14:05:00,3623.85,3624.3,3620.0,3621.05,8140
2024-04-29 14:10:00,3621.0,3626.0,3620.0,3623.55,9282
2024-04-29 14:15:00,3623.95,3629.9,3622.35,3629.15,9645
2024-04-29 14:20:00,3629.15,3633.7,3628.75,3629.75,18909
2024-04-29 14:25:00,3629.75,3633.95,3627.45,3633.65,13882
2024-04-29 14:30:00,3633.65,3636.8,3629.85,3631.6,64015
2024-04-29 14:35:00,3632.0,3632.95,3628.0,3628.0,12327
2024-04-29 14:40:00,3628.0,3629.2,3622.3,3624.95,16495
2024-04-29 14:45:00,3625.0,3628.35,3623.0,3626.25,20457
2024-04-29 14:50:00,3626.3,3634.75,3625.65,3634.15,18662
2024-04-29 14:55:00,3634.05,3634.4,3629.05,3632.1,20042
2024-04-29 15:00:00,3631.7,3633.05,3630.0,3632.65,32159
2024-04-29 15:05:00,3632.65,3638.0,3628.0,3633.95,36329
2024-04-29 15:10:00,3633.95,3635.0,3631.5,3634.45,31917
2024-04-29 15:15:00,3634.15,3636.65,3630.9,3635.95,32859
2024-04-29 15:20:00,3634.7,3638.0,3633.05,3636.3,36735
2024-04-29 15:25:00,3636.3,3639.0,3628.65,3634.0,36952
2024-04-30 09:15:00,3639.0,3642.45,3627.8,3636.0,33253
2024-04-30 09:20:00,3636.0,3636.0,3622.6,3626.05,14615
2024-04-30 09:25:00,3626.05,3629.3,3623.35,3627.0,15537
2024-04-30 09:30:00,3626.0,3635.9,3626.0,3630.05,19135
2024-04-30 09:35:00,3630.05,3637.0,3627.4,3635.35,68979
2024-04-30 09:40:00,3636.05,3636.05,3630.0,3630.95,5900
2024-04-30 09:45:00,3630.9,3633.95,3629.55,3630.85,57960
2024-04-30 09:50:00,3631.15,3635.0,3631.05,3633.75,5851
2024-04-30 09:55:00,3633.75,3634.85,3630.0,3632.3,7608
2024-04-30 10:00:00,3634.0,3641.8,3632.95,3640.9,18795
2024-04-30 10:05:00,3640.9,3644.0,3635.8,3638.0,34768
2024-04-30 10:10:00,3638.4,3642.0,3636.5,3637.4,8143
2024-04-30 10:15:00,3636.9,3637.45,3635.2,3635.75,9798
2024-04-30 10:20:00,3635.35,3635.7,3631.9,3633.8,6372
2024-04-30 10:25:00,3633.8,3637.9,3632.7,3636.65,8367
2024-04-30 10:30:00,3636.75,3641.0,3635.25,3640.05,13591
2024-04-30 10:35:00,3640.05,3643.5,3638.3,3640.6,11240
2024-04-30 10:40:00,3640.35,3643.25,3640.0,3642.2,12281
2024-04-30 10:45:00,3642.2,3648.95,3642.2,3647.25,45174
2024-04-30 10:50:00,3648.15,3648.15,3640.2,3640.2,13268
2024-04-30 10:55:00,3640.15,3643.35,3636.3,3640.95,53968
2024-04-30 11:00:00,3640.85,3642.0,3639.0,3639.95,10724
2024-04-30 11:05:00,3639.95,3642.45,3638.55,3640.55,18925
2024-04-30 11:10:00,3641.4,3642.9,3640.35,3642.0,5148
2024-04-30 11:15:00,3641.55,3642.0,3640.0,3641.0,6777
2024-04-30 11:20:00,3640.75,3642.95,3640.05,3642.0,9489
2024-04-30 11:25:00,3642.0,3643.9,3641.35,3643.45,17494
2024-04-30 11:30:00,3643.45,3643.5,3636.05,3638.1,44598
2024-04-30 11:35:00,3639.4,3639.95,3637.25,3638.95,13770
2024-04-30 11:40:00,3639.0,3639.0,3636.7,3639.0,8615
2024-04-30 11:45:00,3639.0,3639.95,3636.75,3639.2,7280
2024-04-30 11:50:00,3639.15,3641.4,3638.4,3640.75,6443
2024-04-30 11:55:00,3640.75,3640.9,3638.0,3639.9,6724
2024-04-30 12:00:00,3639.9,3641.7,3638.4,3640.8,6571
2024-04-30 12:05:00,3640.8,3642.3,3638.6,3640.95,8878
2024-04-30 12:10:00,3640.95,3642.3,3639.55,3641.4,5620
2024-04-30 12:15:00,3641.4,3642.2,3639.65,3640.75,6364
2024-04-30 12:20:00,3640.95,3640.95,3636.0,3637.9,8865
2024-04-30 12:25:00,3637.9,3640.3,3636.45,3639.6,12107
2024-04-30 12:30:00,3639.6,3640.0,3632.1,3634.55,111749
2024-04-30 12:35:00,3634.7,3636.4,3626.75,3628.1,14650
2024-04-30 12:40:00,3627.35,3630.4,3627.35,3630.2,9454
2024-04-30 12:45:00,3630.2,3633.75,3630.15,3631.95,8707
2024-04-30 12:50:00,3632.0,3633.6,3631.0,3631.85,7629
2024-04-30 12:55:00,3631.85,3633.6,3631.2,3632.0,6509
2024-04-30 13:00:00,3632.0,3633.6,3631.2,3633.15,8284
2024-04-30 13:05:00,3633.15,3634.5,3630.2,3634.5,10560
2024-04-30 13:10:00,3634.5,3637.0,3632.85,3635.65,7715
2024-04-30 13:15:00,3635.55,3636.55,3632.7,3636.35,10227
2024-04-30 13:20:00,3636.2,3637.9,3634.0,3635.7,7254
2024-04-30 13:25:00,3635.7,3639.8,3635.7,3639.25,8776
2024-04-30 13:30:00,3639.75,3639.9,3636.2,3639.15,8734
2024-04-30 13:35:00,3639.35,3639.6,3636.95,3638.85,6891
2024-04-30 13:40:00,3638.8,3639.7,3636.55,3638.95,10092
2024-04-30 13:45:00,3638.85,3639.7,3635.7,3636.0,6810
2024-04-30 13:50:00,3636.55,3639.15,3636.25,3637.55,7025
2024-04-30 13:55:00,3637.55,3639.45,3633.75,3636.45,11667
2024-04-30 14:00:00,3635.8,3638.15,3632.4,3636.0,7814
2024-04-30 14:05:00,3636.0,3636.55,3633.05,3636.05,9980
2024-04-30 14:10:00,3636.05,3636.5,3629.0,3629.0,26879
2024-04-30 14:15:00,3628.95,3634.05,3626.05,3632.35,10885
2024-04-30 14:20:00,3632.35,3633.15,3628.0,3630.45,8459
2024-04-30 14:25:00,3630.0,3633.0,3630.0,3632.05,13466
2024-04-30 14:30:00,3632.05,3633.2,3632.0,3632.45,6587
2024-04-30 14:35:00,3632.45,3634.3,3628.0,3628.5,10761
2024-04-30 14:40:00,3628.5,3631.0,3625.9,3626.35,7769
2024-04-30 14:45:00,3626.35,3626.45,3621.05,3623.45,13613
2024-04-30 14:50:00,3623.45,3623.45,3620.0,3623.0,16172
2024-04-30 14:55:00,3622.3,3623.4,3611.55,3611.55,18314
2024-04-30 15:00:00,3612.05,3612.95,3594.9,3599.45,79767
2024-04-30 15:05:00,3599.35,3603.05,3591.05,3595.75,162193
2024-04-30 15:10:00,3595.75,3597.65,3584.05,3587.65,63274
2024-04-30 15:15:00,3587.85,3592.65,3586.2,3590.95,61577
2024-04-30 15:20:00,3590.95,3592.45,3586.3,3591.6,64257
2024-04-30 15:25:00,3591.6,3592.35,3587.0,3591.95,58393
2024-05-02 09:15:00,3590.05,3604.7,3578.25,3592.4,216212
2024-05-02 09:20:00,3592.05,3605.0,3586.05,3600.65,114858
2024-05-02 09:25:00,3598.05,3600.15,3578.25,3578.4,111754
2024-05-02 09:30:00,3579.95,3592.9,3578.4,3582.0,68567
2024-05-02 09:35:00,3582.0,3588.0,3576.05,3580.55,51238
2024-05-02 09:40:00,3580.55,3592.2,3577.8,3591.85,34820
2024-05-02 09:45:00,3590.8,3596.35,3587.4,3593.15,45330
2024-05-02 09:50:00,3592.0,3594.95,3587.2,3594.0,39602
2024-05-02 09:55:00,3593.25,3595.95,3588.6,3595.95,51212
2024-05-02 10:00:00,3595.95,3599.0,3586.7,3587.9,64491
2024-05-02 10:05:00,3587.35,3589.8,3579.35,3584.9,41120
2024-05-02 10:10:00,3584.9,3588.65,3580.1,3582.35,50532
2024-05-02 10:15:00,3582.1,3597.0,3578.7,3594.9,88145
2024-05-02 10:20:00,3594.45,3598.95,3588.1,3598.95,80330
2024-05-02 10:25:00,3598.8,3604.0,3594.15,3603.0,40357
2024-05-02 10:30:00,3602.8,3611.95,3601.1,3604.5,71793
2024-05-02 10:35:00,3602.7,3608.4,3600.45,3606.65,62268
2024-05-02 10:40:00,3606.65,3609.0,3603.0,3607.25,47065
2024-05-02 10:45:00,3605.8,3609.75,3601.5,3609.5,29792
2024-05-02 10:50:00,3607.95,3610.0,3600.45,3608.5,54893
2024-05-02 10:55:00,3606.8,3620.0,3606.0,3618.1,50756
2024-05-02 11:00:00,3619.0,3620.0,3614.05,3619.5,46171
2024-05-02 11:05:00,3619.45,3619.45,3610.95,3616.8,30924
2024-05-02 11:10:00,3616.85,3619.05,3611.4,3611.55,35886
2024-05-02 11:15:00,3611.35,3617.0,3608.05,3610.75,30639
2024-05-02 11:20:00,3609.15,3616.0,3609.15,3616.0,16674
2024-05-02 11:25:00,3616.0,3618.75,3612.0,3617.35,45084
2024-05-02 11:30:00,3616.1,3618.0,3613.0,3616.85,79068
2024-05-02 11:35:00,3617.0,3628.0,3615.25,3627.0,51092
2024-05-02 11:40:00,3626.0,3634.15,3620.15,3620.15,35838
2024-05-02 11:45:00,3620.1,3621.8,3615.7,3619.85,17943
2024-05-02 11:50:00,3619.85,3624.0,3615.1,3622.35,15905
2024-05-02 11:55:00,3622.1,3625.0,3620.05,3620.05,17190
2024-05-02 12:00:00,3620.05,3624.2,3615.1,3617.7,25826
2024-05-02 12:05:00,3616.7,3622.0,3615.5,3615.85,21048
2024-05-02 12:10:00,3615.6,3619.95,3615.0,3619.7,18424
2024-05-02 12:15:00,3618.5,3621.0,3614.75,3616.75,18531
2024-05-02 12:20:00,3616.75,3620.0,3613.35,3614.35,20287
2024-05-02 12:25:00,3613.3,3617.25,3605.05,3609.0,77759
2024-05-02 12:30:00,3607.55,3610.2,3601.65,3601.65,35858
2024-05-02 12:35:00,3601.9,3608.6,3600.95,3604.0,30505
2024-05-02 12:40:00,3603.15,3607.25,3602.75,3606.6,19943
2024-05-02 12:45:00,3606.15,3609.8,3602.0,3605.05,20792
2024-05-02 12:50:00,3604.9,3608.25,3603.25,3604.75,18308
2024-05-02 12:55:00,3604.55,3611.0,3604.0,3609.8,19973
2024-05-02 13:00:00,3608.4,3616.15,3608.4,3610.8,26977
2024-05-02 13:05:00,3610.05,3614.0,3603.85,3613.35,28140
2024-05-02 13:10:00,3612.0,3617.5,3611.8,3613.95,22096
2024-05-02 13:15:00,3613.9,3616.95,3610.0,3616.0,20441
2024-05-02 13:20:00,3616.0,3618.0,3612.45,3613.0,16472
2024-05-02 13:25:00,3613.0,3622.0,3613.0,3616.8,17272
2024-05-02 13:30:00,3616.9,3622.0,3616.8,3618.7,16870
2024-05-02 13:35:00,3618.25,3619.5,3613.75,3614.1,21276
2024-05-02 13:40:00,3614.0,3616.75,3609.95,3611.45,24759
2024-05-02 13:45:00,3612.05,3613.7,3606.15,3613.2,20683
2024-05-02 13:50:00,3612.45,3616.7,3610.65,3614.85,22857
2024-05-02 13:55:00,3614.85,3615.75,3606.0,3608.5,25107
2024-05-02 14:00:00,3607.5,3610.0,3601.2,3602.5,37380
2024-05-02 14:05:00,3602.6,3609.0,3600.0,3606.6,39679
2024-05-02 14:10:00,3605.95,3606.05,3596.9,3597.05,51289
2024-05-02 14:15:00,3595.3,3599.45,3590.0,3592.0,48166
2024-05-02 14:20:00,3590.95,3597.2,3588.5,3591.1,77152
2024-05-02 14:25:00,3591.1,3593.95,3585.4,3587.3,60413
2024-05-02 14:30:00,3586.9,3601.85,3586.15,3596.5,50423
2024-05-02 14:35:00,3597.95,3599.7,3587.7,3591.65,49535
2024-05-02 14:40:00,3591.65,3598.0,3587.2,3597.9,49327
2024-05-02 14:45:00,3596.8,3599.45,3593.0,3595.4,34890
2024-05-02 14:50:00,3595.4,3603.95,3592.7,3601.75,25617
2024-05-02 14:55:00,3600.4,3607.3,3595.8,3596.0,37050
2024-05-02 15:00:00,3595.8,3606.5,3591.65,3602.65,186744
2024-05-02 15:05:00,3601.2,3611.0,3596.0,3604.5,160600
2024-05-02 15:10:00,3603.75,3605.45,3595.3,3596.0,112752
2024-05-02 15:15:00,3596.25,3599.5,3592.25,3596.7,111946
2024-05-02 15:20:00,3595.1,3600.85,3593.25,3596.85,103453
2024-05-02 15:25:00,3596.8,3610.1,3595.1,3599.75,83732
2024-05-03 09:15:00,3610.0,3622.0,3589.45,3590.1,107028
2024-05-03 09:20:00,3590.65,3590.7,3578.35,3588.6,109496
2024-05-03 09:25:00,3588.35,3590.5,3585.0,3585.0,34360
2024-05-03 09:30:00,3585.0,3585.6,3580.1,3584.9,57096
2024-05-03 09:35:00,3584.15,3584.85,3575.0,3581.75,35152
2024-05-03 09:40:00,3581.75,3584.7,3578.55,3581.2,18172
2024-05-03 09:45:00,3581.25,3585.35,3580.5,3584.05,22566
2024-05-03 09:50:00,3584.05,3585.0,3581.0,3582.85,17835
2024-05-03 09:55:00,3582.85,3584.0,3578.0,3580.2,25978
2024-05-03 10:00:00,3580.2,3580.8,3578.0,3578.5,15932
2024-05-03 10:05:00,3578.9,3579.5,3560.0,3561.6,102847
2024-05-03 10:10:00,3561.55,3563.85,3555.0,3560.35,63590
2024-05-03 10:15:00,3561.75,3573.85,3560.3,3569.95,67547
2024-05-03 10:20:00,3569.15,3572.5,3556.0,3557.1,111770
2024-05-03 10:25:00,3557.05,3566.0,3555.0,3564.35,38654
2024-05-03 10:30:00,3564.35,3572.0,3557.25,3568.15,44158
2024-05-03 10:35:00,3570.05,3571.2,3555.0,3555.0,39617
2024-05-03 10:40:00,3555.0,3559.4,3548.05,3549.85,57640
2024-05-03 10:45:00,3549.85,3553.25,3546.0,3550.0,25360
2024-05-03 10:50:00,3550.0,3552.9,3546.0,3546.5,24657
2024-05-03 10:55:00,3546.55,3549.95,3542.5,3546.2,30510
2024-05-03 11:00:00,3544.8,3546.9,3540.1,3543.0,27984
2024-05-03 11:05:00,3542.55,3549.0,3542.0,3542.75,20502
2024-05-03 11:10:00,3542.0,3548.0,3541.4,3543.85,18868
2024-05-03 11:15:00,3543.5,3544.75,3538.0,3541.0,46288
2024-05-03 11:20:00,3540.9,3542.05,3528.95,3529.65,81224
2024-05-03 11:25:00,3530.05,3537.45,3528.45,3537.0,27642
2024-05-03 11:30:00,3536.15,3536.55,3526.0,3526.35,38639
2024-05-03 11:35:00,3526.3,3529.4,3516.3,3518.25,48685
2024-05-03 11:40:00,3519.3,3524.85,3514.0,3523.7,40376
2024-05-03 11:45:00,3522.0,3523.45,3515.65,3516.4,34721
2024-05-03 11:50:00,3516.4,3520.5,3511.65,3519.35,40650
2024-05-03 11:55:00,3519.2,3526.15,3517.05,3518.95,46190
2024-05-03 12:00:00,3520.1,3533.2,3516.7,3532.05,51767
2024-05-03 12:05:00,3532.8,3536.3,3525.9,3531.75,36554
2024-05-03 12:10:00,3530.85,3532.45,3524.65,3527.9,25399
2024-05-03 12:15:00,3526.85,3533.0,3524.55,3532.35,25035
2024-05-03 12:20:00,3532.4,3542.25,3532.1,3536.15,25137
2024-05-03 12:25:00,3536.4,3541.25,3535.6,3537.15,29027
2024-05-03 12:30:00,3537.8,3538.0,3530.4,3535.95,28550
2024-05-03 12:35:00,3535.0,3541.6,3535.0,3539.65,26855
2024-05-03 12:40:00,3539.65,3549.75,3539.0,3545.8,45990
2024-05-03 12:45:00,3544.15,3548.5,3540.0,3542.2,32545
2024-05-03 12:50:00,3541.7,3541.7,3523.25,3525.75,33732
2024-05-03 12:55:00,3526.0,3528.9,3519.0,3522.2,36284
2024-05-03 13:00:00,3522.8,3523.95,3516.4,3520.7,57999
2024-05-03 13:05:00,3520.65,3528.7,3520.6,3525.35,25568
2024-05-03 13:10:00,3525.35,3527.0,3522.6,3526.3,16005
2024-05-03 13:15:00,3526.3,3531.5,3523.7,3528.9,15461
2024-05-03 13:20:00,3528.9,3533.95,3514.1,3516.65,71746
2024-05-03 13:25:00,3517.4,3521.05,3514.0,3514.45,37952
2024-05-03 13:30:00,3515.0,3515.0,3501.1,3502.2,72977
2024-05-03 13:35:00,3502.25,3504.45,3488.8,3491.0,124709
2024-05-03 13:40:00,3490.95,3498.0,3490.65,3497.6,58458
2024-05-03 13:45:00,3497.5,3500.75,3495.3,3497.65,73910
2024-05-03 13:50:00,3496.2,3499.65,3488.45,3493.05,47036
2024-05-03 13:55:00,3493.0,3496.5,3492.4,3493.05,25681
2024-05-03 14:00:00,3493.4,3496.6,3491.0,3493.25,35567
2024-05-03 14:05:00,3493.25,3499.3,3493.25,3498.7,55205
2024-05-03 14:10:00,3498.7,3501.25,3496.05,3500.0,38066
2024-05-03 14:15:00,3500.0,3501.5,3492.7,3493.35,66575
2024-05-03 14:20:00,3493.5,3498.15,3490.8,3494.15,25076
2024-05-03 14:25:00,3494.25,3497.35,3493.1,3495.0,41410
2024-05-03 14:30:00,3495.45,3499.0,3494.0,3495.45,42322
2024-05-03 14:35:00,3495.5,3500.0,3493.3,3498.1,53689
2024-05-03 14:40:00,3499.75,3501.0,3493.6,3497.05,82556
2024-05-03 14:45:00,3497.75,3500.0,3496.3,3498.5,102196
2024-05-03 14:50:00,3498.55,3499.9,3493.1,3494.05,73828
2024-05-03 14:55:00,3494.05,3497.0,3493.45,3495.85,53535
2024-05-03 15:00:00,3495.6,3500.0,3491.2,3498.05,137257
2024-05-03 15:05:00,3498.75,3499.65,3495.5,3496.75,150716
2024-05-03 15:10:00,3495.95,3503.8,3495.1,3502.9,172604
2024-05-03 15:15:00,3502.7,3503.55,3499.3,3501.05,171855
2024-05-03 15:20:00,3501.1,3507.0,3497.35,3506.0,139544
2024-05-03 15:25:00,3506.15,3507.7,3499.0,3500.0,89358
2024-05-06 09:15:00,3522.8,3527.0,3488.0,3491.15,90178
2024-05-06 09:20:00,3489.3,3492.7,3483.0,3487.45,37293
2024-05-06 09:25:00,3487.45,3492.0,3486.05,3491.5,30882
2024-05-06 09:30:00,3491.5,3492.0,3488.65,3490.0,14422
2024-05-06 09:35:00,3489.15,3490.25,3473.5,3475.9,226350
2024-05-06 09:40:00,3474.8,3486.9,3467.35,3486.9,46567
2024-05-06 09:45:00,3487.55,3488.0,3468.0,3468.25,21366
2024-05-06 09:50:00,3468.2,3471.85,3465.05,3470.05,30665
2024-05-06 09:55:00,3471.6,3471.6,3455.85,3456.45,38419
2024-05-06 10:00:00,3456.45,3459.6,3452.1,3456.0,32853
2024-05-06 10:05:00,3456.0,3460.0,3449.6,3454.0,35148
2024-05-06 10:10:00,3454.2,3460.8,3449.0,3454.1,27639
2024-05-06 10:15:00,3455.0,3458.0,3449.8,3458.0,71997
2024-05-06 10:20:00,3457.85,3461.1,3455.0,3456.95,26825
2024-05-06 10:25:00,3456.9,3463.15,3456.9,3457.7,22977
2024-05-06 10:30:00,3458.0,3461.4,3453.9,3461.3,19952
2024-05-06 10:35:00,3461.3,3464.25,3460.0,3461.25,42053
2024-05-06 10:40:00,3461.25,3462.55,3455.4,3457.25,17296
2024-05-06 10:45:00,3456.0,3457.55,3451.95,3455.1,33089
2024-05-06 10:50:00,3456.05,3460.0,3449.0,3458.6,53899
2024-05-06 10:55:00,3457.2,3460.0,3452.15,3454.0,22153
2024-05-06 11:00:00,3453.9,3455.95,3451.2,3455.0,41880
2024-05-06 11:05:00,3455.5,3455.65,3443.5,3445.1,54431
2024-05-06 11:10:00,3445.5,3453.05,3441.1,3452.05,78648
2024-05-06 11:15:00,3451.45,3463.0,3448.95,3459.0,24334
2024-05-06 11:20:00,3460.0,3460.95,3454.05,3454.9,11776
2024-05-06 11:25:00,3454.8,3462.0,3451.1,3460.1,19306
2024-05-06 11:30:00,3460.1,3461.95,3458.5,3460.0,23459
2024-05-06 11:35:00,3461.25,3463.5,3459.1,3460.2,31870
2024-05-06 11:40:00,3460.3,3479.0,3460.3,3478.0,40996
2024-05-06 11:45:00,3478.0,3481.75,3471.95,3479.7,38435
2024-05-06 11:50:00,3479.65,3484.95,3474.1,3476.1,85429
2024-05-06 11:55:00,3476.1,3491.85,3476.0,3489.05,55307
2024-05-06 12:00:00,3489.8,3491.0,3483.0,3490.0,54754
2024-05-06 12:05:00,3489.95,3508.95,3489.05,3502.45,65984
2024-05-06 12:10:00,3502.7,3504.45,3487.2,3490.95,58210
2024-05-06 12:15:00,3491.0,3493.3,3478.0,3478.0,52026
2024-05-06 12:20:00,3478.0,3483.35,3477.1,3481.25,28082
2024-05-06 12:25:00,3480.4,3481.65,3468.0,3470.9,28141
2024-05-06 12:30:00,3471.1,3473.35,3465.95,3469.85,19034
2024-05-06 12:35:00,3469.85,3469.95,3463.4,3467.9,16027
2024-05-06 12:40:00,3467.35,3471.1,3466.0,3470.45,16293
2024-05-06 12:45:00,3470.45,3470.55,3464.0,3465.8,12810
2024-05-06 12:50:00,3465.8,3466.55,3460.0,3465.85,24899
2024-05-06 12:55:00,3465.6,3469.35,3463.0,3466.95,14060
2024-05-06 13:00:00,3466.95,3469.8,3466.0,3468.05,13485
2024-05-06 13:05:00,3468.05,3468.45,3465.5,3466.0,21394
2024-05-06 13:10:00,3466.0,3469.9,3466.0,3467.05,29528
2024-05-06 13:15:00,3467.05,3471.9,3466.0,3469.05,22116
2024-05-06 13:20:00,3469.05,3474.7,3468.5,3469.1,14511
2024-05-06 13:25:00,3469.15,3472.0,3467.75,3467.75,15667
2024-05-06 13:30:00,3467.75,3473.5,3467.75,3470.1,16580
2024-05-06 13:35:00,3470.3,3471.6,3468.65,3469.2,14088
2024-05-06 13:40:00,3469.2,3471.3,3467.75,3469.65,17094
2024-05-06 13:45:00,3469.6,3470.6,3468.5,3469.1,10204
2024-05-06 13:50:00,3469.1,3470.55,3467.1,3468.25,18053
2024-05-06 13:55:00,3468.25,3471.3,3458.05,3458.65,19456
2024-05-06 14:00:00,3458.65,3458.95,3455.0,3455.6,20089
2024-05-06 14:05:00,3455.0,3456.0,3450.0,3452.5,29819
2024-05-06 14:10:00,3453.65,3457.55,3452.2,3456.05,15803
2024-05-06 14:15:00,3456.1,3465.2,3455.0,3464.65,21067
2024-05-06 14:20:00,3464.65,3464.85,3459.5,3460.15,17023
2024-05-06 14:25:00,3460.0,3462.35,3457.8,3459.9,27093
2024-05-06 14:30:00,3459.5,3460.2,3450.0,3450.5,26204
2024-05-06 14:35:00,3449.85,3455.75,3448.9,3454.85,20451
2024-05-06 14:40:00,3454.05,3455.0,3450.4,3454.6,17301
2024-05-06 14:45:00,3453.8,3469.4,3453.8,3464.85,38335
2024-05-06 14:50:00,3465.0,3465.55,3460.05,3462.1,16958
2024-05-06 14:55:00,3462.1,3462.1,3452.55,3454.3,22161
2024-05-06 15:00:00,3454.25,3468.0,3453.55,3466.0,57625
2024-05-06 15:05:00,3465.4,3466.65,3458.1,3461.2,40241
2024-05-06 15:10:00,3461.05,3464.75,3460.4,3462.05,40301
2024-05-06 15:15:00,3462.05,3467.85,3460.95,3466.45,60816
2024-05-06 15:20:00,3466.45,3468.75,3460.35,3461.0,46030
2024-05-06 15:25:00,3461.0,3468.0,3460.0,3468.0,46107
